=== 1. the whole capture flow: inline auto-detect -> auto-arm -> live preview ===
===    -> display params -> Start with an EMPTY name -> sealed -> Projects  ===
$ /Users/admin/lidarscan/desktop/build/lidarscan --capture-flow-demo /Users/admin/lidarscan/desktop/evidence/18 --mid360-selftest 127.000.000.001:127.0.0.1 --quit-after 34
[scanengine][info][instance] single-instance lock held: /var/folders/67/_n7jspjn69s9z0l0v2g6ycbh0000gn/T/lidarscan-lidarscan.lock (pid 20682)
[lidarscan] evidence hook active — settings isolated to /var/folders/67/_n7jspjn69s9z0l0v2g6ycbh0000gn/T/lidarscan-evidence-settings-20682 (68 key(s) copied in; the operator's own settings are read-only from here)
[scanengine][info][engine] scanengine 0.1.0 (clock: mach_absolute_time) created for 'LidarScan Desktop' (pages: 64 × 1048576 pts)
[lidarscan] scanengine 0.1.0 (clock: mach_absolute_time)
[lidarscan] mid360-selftest: chained behind --capture-flow-demo's inline auto-detect pass
[scanengine][info][discovery] discovery finished: 0 lidar(s), 0 datagram(s), 0 rejected
[scanengine][info][discovery] discovery finished: 0 lidar(s), 0 datagram(s), 0 rejected
[scanengine][info][discovery] discovery finished: 0 lidar(s), 0 datagram(s), 0 rejected
[lidarscan][capture] auto-detect (on open): Mid-360 not seen, D6 not seen (phone-only), UM982 not seen
[lidarscan] capture-flow-demo: inline auto-detect done (Mid-360 not seen, D6 not seen, UM982 not seen) — arming
[scanengine][info][cloud] page store full-policy -> evict-oldest
[scanengine][info][engine] idle -> starting
[scanengine][info][engine] live SLAM on: map -> slam-map (inline)
[scanengine][info][engine] starting -> running
[scanengine][info][engine] added device 1 (livox-mid360)
[scanengine][info][mid360] device 1: SDK2 up (config /var/folders/67/_n7jspjn69s9z0l0v2g6ycbh0000gn/T/scanengine_mid360_1_0.json), waiting for 127.0.0.1
[scanengine][info][mid360] device 1: idle -> starting
[scanengine][info][mid360] device 1: started, backend=sdk2 lidar=127.0.0.1 host=127.000.000.001 point:56301 imu:56401 (decimation 1/5, filter: no-return=1 tag-mask=0x0C)
[lidarscan][capture] Mid-360 127.0.0.1 -> host 127.000.000.001, device #1 — live preview (not recording)
[lidarscan][capture] display sleep inhibited — macOS: IOKit PreventUserIdleDisplaySleep assertion held
[scanengine][info][mid360] device 1: connected (sn=3GGDJ6K00100001 ip=127.0.0.1)
[scanengine][info][mid360] handle 16777343: configured (sn=3GGDJ6K00100001 ip=127.0.0.1)
[scanengine][info][mid360] device 1: starting -> streaming
[lidarscan][capture] live preview up: first packet after 1.87 s
[lidarscan] mid360-selftest PASSED — first packet after 1.87 s
[lidarscan] capture-flow-demo: arm LIVE — first packet after 1.87 s
[scanengine][info][lio] initialized: |a|=9.8069 m/s^2, bg=(0.01657 0.01687 0.02615) rad/s
[lidarscan] capture-flow-demo: live controls — refresh 12 fps (viewport cap 12) then 24 fps (viewport cap 24), point size 2.50 px (A14 model)
[lidarscan][capture] live odometry is drifting: the IMU reads the rig as stationary (|a| dev 0.007 m/s², gyro 0.032 rad/s) while the SLAM pose implies 0.28 m/s (pose quality 3, sigma 0.001 m). The walk hint reports 0; recording is unaffected — every raw byte is still written.
[lidarscan] capture-flow-demo: PREVIEW shot -> /Users/admin/lidarscan/desktop/evidence/18-preview.png (+ -window.png)
[lidarscan] capture-flow-demo: TRAIL shot -> /Users/admin/lidarscan/desktop/evidence/18-trail.png | synthetic 41-vertex path | ember pixels 0 -> 2263 | mean |delta| 1.8988 over 1.48% of the frame — TRAIL DRAWN
[scanengine][info][engine] running -> stopping
[scanengine][info][mid360] device 1: streaming -> stopping
[scanengine][info][mid360] device 1: SDK2 torn down
[scanengine][info][mid360] device 1: stopping -> idle
[scanengine][info][engine] stopping -> idle
[scanengine][info][engine] idle -> starting
[scanengine][info][cloud] live page store reset: 2 page(s) / 155024 points retired (buffers kept)
[scanengine][info][engine] live SLAM on: map -> slam-map (inline)
[scanengine][info][record] file writer open at '/Users/admin/Documents/LidarScan Projects/Scan-056 2026-08-18 00-38.lscan'
[scanengine][info][mid360] device 1: SDK2 up (config /var/folders/67/_n7jspjn69s9z0l0v2g6ycbh0000gn/T/scanengine_mid360_1_1.json), waiting for 127.0.0.1
[scanengine][info][mid360] device 1: idle -> starting
[scanengine][info][mid360] device 1: started, backend=sdk2 lidar=127.0.0.1 host=127.000.000.001 point:56301 imu:56401 (decimation 1/5, filter: no-return=1 tag-mask=0x0C)
[scanengine][info][engine] starting -> running
[scanengine][info][record] opened stream file '/Users/admin/Documents/LidarScan Projects/Scan-056 2026-08-18 00-38.lscan/streams/lidar.bin' (stream=lidar-mid360)
[scanengine][info][mid360] device 1: starting -> streaming
[scanengine][info][record] opened stream file '/Users/admin/Documents/LidarScan Projects/Scan-056 2026-08-18 00-38.lscan/streams/imu.bin' (stream=imu)
[lidarscan][capture] recording started -> /Users/admin/Documents/LidarScan Projects/Scan-056 2026-08-18 00-38.lscan  (auto-named)
[lidarscan] capture-flow-demo: Start pressed with an EMPTY name -> /Users/admin/Documents/LidarScan Projects/Scan-056 2026-08-18 00-38.lscan
[scanengine][info][lio] initialized: |a|=9.8063 m/s^2, bg=(-0.00679 0.00286 0.02585) rad/s
[scanengine][info][mid360] device 1: connected (sn=3GGDJ6K00100001 ip=127.0.0.1)
[scanengine][info][mid360] handle 16777343: configured (sn=3GGDJ6K00100001 ip=127.0.0.1)
[lidarscan] capture-flow-demo: RECORDING shot -> /Users/admin/lidarscan/desktop/evidence/18-recording.png (+ -window.png)
[scanengine][info][engine] running -> stopping
[scanengine][info][mid360] device 1: streaming -> stopping
[scanengine][info][mid360] device 1: SDK2 torn down
[scanengine][info][mid360] device 1: stopping -> idle
[scanengine][info][engine] stopping -> idle
[scanengine][info][engine] idle -> starting
[scanengine][info][cloud] live page store reset: 2 page(s) / 113975 points retired (buffers kept)
[scanengine][info][engine] live SLAM on: map -> slam-map (inline)
[scanengine][info][mid360] device 1: SDK2 up (config /var/folders/67/_n7jspjn69s9z0l0v2g6ycbh0000gn/T/scanengine_mid360_1_2.json), waiting for 127.0.0.1
[scanengine][info][mid360] device 1: idle -> starting
[scanengine][info][mid360] device 1: started, backend=sdk2 lidar=127.0.0.1 host=127.000.000.001 point:56301 imu:56401 (decimation 1/5, filter: no-return=1 tag-mask=0x0C)
[scanengine][info][engine] starting -> running
[scanengine][info][mid360] device 1: starting -> streaming
[lidarscan][capture] Sealed Scan-056 2026-08-18 00-38.lscan — 2.5 s recording · 5641 chunks / 6.9 MB written · 94580 points decoded since Start (device counters also include any paused time) · 0 drops (device) / 0 dropped (store)
[scanengine][info][lio] initialized: |a|=9.8032 m/s^2, bg=(-0.01711 -0.01419 0.02636) rad/s
[lidarscan] capture-flow-demo: sealed /Users/admin/Documents/LidarScan Projects/Scan-056 2026-08-18 00-38.lscan — valid=yes, 5641 chunks, 7132500 bytes, 2.47 s, sealed=true, profile quickscan
[lidarscan] capture-flow-demo:   stream lidar (Mid-360 packets): 5147 chunks
[lidarscan] capture-flow-demo:   stream imu: 494 chunks
[lidarscan] capture-flow-demo: in the library: yes · previewed as the open project: yes
[lidarscan] capture-flow-demo: display params saved with the project: yes (/Users/admin/Documents/LidarScan Projects/Scan-056 2026-08-18 00-38.lscan/processed/display_params.json)
[scanengine][info][mid360] device 1: connected (sn=3GGDJ6K00100001 ip=127.0.0.1)
[scanengine][info][mid360] handle 16777343: configured (sn=3GGDJ6K00100001 ip=127.0.0.1)
[lidarscan] capture-flow-demo: PROJECTS shot -> /Users/admin/lidarscan/desktop/evidence/18-projects.png (+ -window.png)
[scanengine][info][mid360] device 1: streaming -> stopping
[scanengine][info][mid360] device 1: SDK2 torn down
[scanengine][info][mid360] device 1: stopping -> idle
[scanengine][info][engine] running -> stopping
[scanengine][info][engine] stopping -> idle
[scanengine][info][cloud] page store full-policy -> reject
[lidarscan][capture] live preview stopped — shutdown
FEngine (64 bits) created at 0xa55043800 (threading is enabled)
FEngine resolved backend: Metal
Selected physical device 'Apple M4'
Supported GPU families: 
  MTLGPUFamilyCommon3
  MTLGPUFamilyApple7
  MTLGPUFamilyMac2
Features:
  readWriteTextureSupport: true
Backend feature level: 3
FEngine feature level: 1
=== 2. headless CI hooks: --mid360-selftest + --mid360-record-into ===
$ /Users/admin/lidarscan/desktop/build/lidarscan --mid360-selftest 127.000.000.001:127.0.0.1 --mid360-record-into /Users/admin/lidarscan/desktop/evidence/round5-record.lscan --quit-after 15
[scanengine][info][instance] single-instance lock held: /var/folders/67/_n7jspjn69s9z0l0v2g6ycbh0000gn/T/lidarscan-lidarscan.lock (pid 20881)
[lidarscan] evidence hook active — settings isolated to /var/folders/67/_n7jspjn69s9z0l0v2g6ycbh0000gn/T/lidarscan-evidence-settings-20881 (68 key(s) copied in; the operator's own settings are read-only from here)
[scanengine][info][engine] scanengine 0.1.0 (clock: mach_absolute_time) created for 'LidarScan Desktop' (pages: 64 × 1048576 pts)
[lidarscan] scanengine 0.1.0 (clock: mach_absolute_time)
[scanengine][info][cloud] page store full-policy -> evict-oldest
[scanengine][info][engine] idle -> starting
[scanengine][info][engine] live SLAM on: map -> slam-map (inline)
[scanengine][info][engine] starting -> running
[scanengine][info][engine] added device 1 (livox-mid360)
[scanengine][info][mid360] device 1: SDK2 up (config /var/folders/67/_n7jspjn69s9z0l0v2g6ycbh0000gn/T/scanengine_mid360_1_0.json), waiting for 127.0.0.1
[scanengine][info][mid360] device 1: idle -> starting
[scanengine][info][mid360] device 1: started, backend=sdk2 lidar=127.0.0.1 host=127.000.000.001 point:56301 imu:56401 (decimation 1/5, filter: no-return=1 tag-mask=0x0C)
[lidarscan][capture] Mid-360 127.0.0.1 -> host 127.000.000.001, device #1 — live preview (not recording)
[lidarscan][capture] display sleep inhibited — macOS: IOKit PreventUserIdleDisplaySleep assertion held
[scanengine][info][mid360] device 1: connected (sn=3GGDJ6K00100001 ip=127.0.0.1)
[scanengine][info][mid360] handle 16777343: configured (sn=3GGDJ6K00100001 ip=127.0.0.1)
[scanengine][info][mid360] device 1: starting -> streaming
[lidarscan][capture] live preview up: first packet after 1.32 s
[lidarscan] mid360-selftest PASSED — first packet after 1.32 s
[scanengine][info][engine] running -> stopping
[scanengine][info][mid360] device 1: streaming -> stopping
[scanengine][info][mid360] device 1: SDK2 torn down
[scanengine][info][mid360] device 1: stopping -> idle
[scanengine][info][engine] stopping -> idle
[scanengine][info][engine] idle -> starting
[scanengine][info][cloud] live page store reset: 1 page(s) / 9658 points retired (buffers kept)
[scanengine][info][engine] live SLAM on: map -> slam-map (inline)
[scanengine][info][record] file writer open at '/Users/admin/lidarscan/desktop/evidence/round5-record.lscan'
[scanengine][info][mid360] device 1: SDK2 up (config /var/folders/67/_n7jspjn69s9z0l0v2g6ycbh0000gn/T/scanengine_mid360_1_1.json), waiting for 127.0.0.1
[scanengine][info][mid360] device 1: idle -> starting
[scanengine][info][mid360] device 1: started, backend=sdk2 lidar=127.0.0.1 host=127.000.000.001 point:56301 imu:56401 (decimation 1/5, filter: no-return=1 tag-mask=0x0C)
[scanengine][info][engine] starting -> running
[scanengine][info][record] opened stream file '/Users/admin/lidarscan/desktop/evidence/round5-record.lscan/streams/lidar.bin' (stream=lidar-mid360)
[scanengine][info][mid360] device 1: starting -> streaming
[lidarscan][capture] recording started -> /Users/admin/lidarscan/desktop/evidence/round5-record.lscan
[lidarscan] mid360-selftest: recording into /Users/admin/lidarscan/desktop/evidence/round5-record.lscan for 3 s
[scanengine][info][record] opened stream file '/Users/admin/lidarscan/desktop/evidence/round5-record.lscan/streams/imu.bin' (stream=imu)
[scanengine][info][lio] initialized: |a|=9.8068 m/s^2, bg=(0.01290 0.01533 0.02589) rad/s
[lidarscan] refresh governor: 60 -> 48 fps (down) — delivered 44.5 fps against a 60 fps cap, frame cpu p95 0.09 ms of a 16.7 ms budget
[lidarscan][capture] live refresh governor downshift -> 48 fps (delivered 44.5 fps against a 60 fps cap, frame cpu p95 0.09 ms of a 16.7 ms budget); recording untouched
[scanengine][info][mid360] device 1: connected (sn=3GGDJ6K00100001 ip=127.0.0.1)
[scanengine][info][mid360] handle 16777343: configured (sn=3GGDJ6K00100001 ip=127.0.0.1)
[lidarscan][capture] live odometry is drifting: the IMU reads the rig as stationary (|a| dev 0.008 m/s², gyro 0.029 rad/s) while the SLAM pose implies 0.28 m/s (pose quality 3, sigma 0.001 m). The walk hint reports 0; recording is unaffected — every raw byte is still written.
[scanengine][info][engine] running -> stopping
[scanengine][info][mid360] device 1: streaming -> stopping
[scanengine][info][mid360] device 1: SDK2 torn down
[scanengine][info][mid360] device 1: stopping -> idle
[scanengine][info][engine] stopping -> idle
[scanengine][info][engine] idle -> starting
[scanengine][info][cloud] live page store reset: 2 page(s) / 131859 points retired (buffers kept)
[scanengine][info][engine] live SLAM on: map -> slam-map (inline)
[scanengine][info][mid360] device 1: SDK2 up (config /var/folders/67/_n7jspjn69s9z0l0v2g6ycbh0000gn/T/scanengine_mid360_1_2.json), waiting for 127.0.0.1
[scanengine][info][mid360] device 1: idle -> starting
[scanengine][info][mid360] device 1: started, backend=sdk2 lidar=127.0.0.1 host=127.000.000.001 point:56301 imu:56401 (decimation 1/5, filter: no-return=1 tag-mask=0x0C)
[scanengine][info][engine] starting -> running
[lidarscan][capture] Sealed round5-record.lscan — 2.9 s recording · 6593 chunks / 8.1 MB written · 110208 points decoded since Start (device counters also include any paused time) · 0 drops (device) / 0 dropped (store)
[scanengine][info][mid360] device 1: starting -> streaming
[lidarscan] mid360-selftest: recorded project — 6593 chunks, 8335380 bytes, 2.89 s span, sealed=true
[lidarscan]   stream lidar (Mid-360 packets): 6015 chunks, 8300700 bytes
[lidarscan]   stream imu: 578 chunks, 34680 bytes
[scanengine][info][lio] initialized: |a|=9.8062 m/s^2, bg=(-0.01017 0.00005 0.02621) rad/s
[lidarscan] refresh governor: 48 -> 30 fps (down) — delivered 26.5 fps against a 48 fps cap, frame cpu p95 0.14 ms of a 20.8 ms budget
[lidarscan][capture] live refresh governor downshift -> 30 fps (delivered 26.5 fps against a 48 fps cap, frame cpu p95 0.14 ms of a 20.8 ms budget); recording untouched
[scanengine][info][mid360] device 1: connected (sn=3GGDJ6K00100001 ip=127.0.0.1)
[scanengine][info][mid360] handle 16777343: configured (sn=3GGDJ6K00100001 ip=127.0.0.1)
[scanengine][info][mid360] device 1: streaming -> stopping
[scanengine][info][mid360] device 1: SDK2 torn down
[scanengine][info][mid360] device 1: stopping -> idle
[scanengine][info][engine] running -> stopping
[scanengine][info][engine] stopping -> idle
[scanengine][info][cloud] page store full-policy -> reject
[lidarscan][capture] live preview stopped — shutdown
FEngine (64 bits) created at 0x959fc8000 (threading is enabled)
FEngine resolved backend: Metal
Selected physical device 'Apple M4'
Supported GPU families: 
  MTLGPUFamilyCommon3
  MTLGPUFamilyApple7
  MTLGPUFamilyMac2
Features:
  readWriteTextureSupport: true
Backend feature level: 3
FEngine feature level: 1
=== 3. discovery <-> device serialization, both directions (NOTES §16.7/§17.2) ===
$ /Users/admin/lidarscan/desktop/build/lidarscan --auto-detect-cancel-selftest --mid360-selftest 127.000.000.001:127.0.0.1 --quit-after 14
[scanengine][info][instance] single-instance lock held: /var/folders/67/_n7jspjn69s9z0l0v2g6ycbh0000gn/T/lidarscan-lidarscan.lock (pid 21390)
[lidarscan] evidence hook active — settings isolated to /var/folders/67/_n7jspjn69s9z0l0v2g6ycbh0000gn/T/lidarscan-evidence-settings-21390 (68 key(s) copied in; the operator's own settings are read-only from here)
[scanengine][info][engine] scanengine 0.1.0 (clock: mach_absolute_time) created for 'LidarScan Desktop' (pages: 64 × 1048576 pts)
[lidarscan] scanengine 0.1.0 (clock: mach_absolute_time)
[lidarscan][capture] auto-detect (on open) suppressed — a device-arming CLI hook owns this run and needs UDP 56201
[lidarscan] auto-detect-cancel-selftest: starting a discovery pass, then arming the device 400 ms into it
[scanengine][info][discovery] discovery finished: 0 lidar(s), 0 datagram(s), 0 rejected
[lidarscan][capture] auto-detect canceled so live preview can have UDP 56201 — port released
[scanengine][info][cloud] page store full-policy -> evict-oldest
[scanengine][info][engine] idle -> starting
[scanengine][info][engine] live SLAM on: map -> slam-map (inline)
[scanengine][info][engine] starting -> running
[scanengine][info][engine] added device 1 (livox-mid360)
[scanengine][info][mid360] device 1: SDK2 up (config /var/folders/67/_n7jspjn69s9z0l0v2g6ycbh0000gn/T/scanengine_mid360_1_0.json), waiting for 127.0.0.1
[scanengine][info][mid360] device 1: idle -> starting
[scanengine][info][mid360] device 1: started, backend=sdk2 lidar=127.0.0.1 host=127.000.000.001 point:56301 imu:56401 (decimation 1/5, filter: no-return=1 tag-mask=0x0C)
[lidarscan][capture] Mid-360 127.0.0.1 -> host 127.000.000.001, device #1 — live preview (not recording)
[lidarscan][capture] display sleep inhibited — macOS: IOKit PreventUserIdleDisplaySleep assertion held
[lidarscan][capture] auto-detect: canceled before completion — nothing applied
[scanengine][info][mid360] device 1: connected (sn=3GGDJ6K00100001 ip=127.0.0.1)
[scanengine][info][mid360] handle 16777343: configured (sn=3GGDJ6K00100001 ip=127.0.0.1)
[scanengine][info][mid360] device 1: starting -> streaming
[lidarscan][capture] live preview up: first packet after 1.52 s
[lidarscan] mid360-selftest PASSED — first packet after 1.52 s
[scanengine][info][lio] initialized: |a|=9.8069 m/s^2, bg=(0.01657 0.01687 0.02615) rad/s
[lidarscan][capture] live odometry is drifting: the IMU reads the rig as stationary (|a| dev 0.007 m/s², gyro 0.032 rad/s) while the SLAM pose implies 0.29 m/s (pose quality 3, sigma 0.001 m). The walk hint reports 0; recording is unaffected — every raw byte is still written.
[lidarscan] auto-detect-cancel-selftest: clicking Auto-detect with the device armed — the preview must step aside, not overlap
[scanengine][info][mid360] device 1: streaming -> stopping
[scanengine][info][mid360] device 1: SDK2 torn down
[scanengine][info][mid360] device 1: stopping -> idle
[scanengine][info][engine] running -> stopping
[scanengine][info][engine] stopping -> idle
[scanengine][info][cloud] page store full-policy -> reject
[lidarscan][capture] live preview stopped — auto-detect needs UDP 56201
[scanengine][info][discovery] found Mid-360 3GGDJ6K00100001
[scanengine][info][discovery] discovery finished: 1 lidar(s), 1 datagram(s), 0 rejected
[lidarscan][capture] auto-detect: Mid-360 found, D6 not seen (phone-only), UM982 not seen
FEngine (64 bits) created at 0x8bdae7000 (threading is enabled)
FEngine resolved backend: Metal
Selected physical device 'Apple M4'
Supported GPU families: 
  MTLGPUFamilyCommon3
  MTLGPUFamilyApple7
  MTLGPUFamilyMac2
Features:
  readWriteTextureSupport: true
Backend feature level: 3
FEngine feature level: 1
=== 4. inline auto-detect against the REAL captured heartbeat ===
$ /Users/admin/lidarscan/desktop/build/lidarscan --auto-detect-selftest --auto-detect-shot /Users/admin/lidarscan/desktop/evidence/18-autodetect-inline.png --quit-after 14
[scanengine][info][instance] single-instance lock held: /var/folders/67/_n7jspjn69s9z0l0v2g6ycbh0000gn/T/lidarscan-lidarscan.lock (pid 21612)
[lidarscan] evidence hook active — settings isolated to /var/folders/67/_n7jspjn69s9z0l0v2g6ycbh0000gn/T/lidarscan-evidence-settings-21612 (68 key(s) copied in; the operator's own settings are read-only from here)
[scanengine][info][engine] scanengine 0.1.0 (clock: mach_absolute_time) created for 'LidarScan Desktop' (pages: 64 × 1048576 pts)
[lidarscan] scanengine 0.1.0 (clock: mach_absolute_time)
[scanengine][info][discovery] found Mid-360 ARMCP7K0034759 at 192.168.1.159 fw 35010108, expects host 192.168.1.5
[scanengine][info][discovery] discovery finished: 1 lidar(s), 1 datagram(s), 0 rejected
[lidarscan][capture] auto-detect (on open): Mid-360 found, D6 not seen (phone-only), UM982 not seen
[lidarscan] auto-detect-selftest: Mid-360 FOUND, D6 not seen, UM982 not seen
[lidarscan] auto-detect-shot: OK -> /Users/admin/lidarscan/desktop/evidence/18-autodetect-inline.png
[scanengine][info][discovery] found Mid-360 ARMCP7K0034759 at 192.168.1.159 fw 35010108, expects host 192.168.1.5
[scanengine][info][discovery] discovery finished: 1 lidar(s), 1 datagram(s), 0 rejected
[lidarscan][capture] auto-detect: Mid-360 found, D6 not seen (phone-only), UM982 not seen
[lidarscan] auto-detect-selftest: Mid-360 FOUND, D6 not seen, UM982 not seen
[lidarscan] auto-detect-shot: OK -> /Users/admin/lidarscan/desktop/evidence/18-autodetect-inline.png
FEngine (64 bits) created at 0xbea7df000 (threading is enabled)
FEngine resolved backend: Metal
Selected physical device 'Apple M4'
Supported GPU families: 
  MTLGPUFamilyCommon3
  MTLGPUFamilyApple7
  MTLGPUFamilyMac2
Features:
  readWriteTextureSupport: true
Backend feature level: 3
FEngine feature level: 1
=== 5. item 17: the live refresh cap downshifts under load, capture unaffected ===
$ /Users/admin/lidarscan/desktop/build/lidarscan --mid360-selftest 127.000.000.001:127.0.0.1 --workspace capture --live-refresh 60 --resize-storm 12 --shot /Users/admin/lidarscan/desktop/evidence/18-refresh-downshift.png --shot-delay 14 --quit-after 18
[scanengine][info][instance] single-instance lock held: /var/folders/67/_n7jspjn69s9z0l0v2g6ycbh0000gn/T/lidarscan-lidarscan.lock (pid 21660)
[lidarscan] evidence hook active — settings isolated to /var/folders/67/_n7jspjn69s9z0l0v2g6ycbh0000gn/T/lidarscan-evidence-settings-21660 (68 key(s) copied in; the operator's own settings are read-only from here)
[scanengine][info][engine] scanengine 0.1.0 (clock: mach_absolute_time) created for 'LidarScan Desktop' (pages: 64 × 1048576 pts)
[lidarscan] scanengine 0.1.0 (clock: mach_absolute_time)
[lidarscan] live-refresh: panel 60 fps, viewport cap 60 fps
[scanengine][info][discovery] discovery finished: 0 lidar(s), 0 datagram(s), 0 rejected
[lidarscan][capture] auto-detect canceled so live preview can have UDP 56201 — port released
[scanengine][info][cloud] page store full-policy -> evict-oldest
[scanengine][info][engine] idle -> starting
[scanengine][info][engine] live SLAM on: map -> slam-map (inline)
[scanengine][info][engine] starting -> running
[scanengine][info][engine] added device 1 (livox-mid360)
[scanengine][info][mid360] device 1: SDK2 up (config /var/folders/67/_n7jspjn69s9z0l0v2g6ycbh0000gn/T/scanengine_mid360_1_0.json), waiting for 127.0.0.1
[scanengine][info][mid360] device 1: idle -> starting
[scanengine][info][mid360] device 1: started, backend=sdk2 lidar=127.0.0.1 host=127.000.000.001 point:56301 imu:56401 (decimation 1/5, filter: no-return=1 tag-mask=0x0C)
[lidarscan][capture] Mid-360 127.0.0.1 -> host 127.000.000.001, device #1 — live preview (not recording)
[lidarscan][capture] display sleep inhibited — macOS: IOKit PreventUserIdleDisplaySleep assertion held
[lidarscan][capture] auto-detect (on open): canceled before completion — nothing applied
[lidarscan] refresh governor: 60 -> 48 fps (down) — delivered 41.8 fps against a 60 fps cap, frame cpu p95 0.20 ms of a 16.7 ms budget
[lidarscan][capture] live refresh governor downshift -> 48 fps (delivered 41.8 fps against a 60 fps cap, frame cpu p95 0.20 ms of a 16.7 ms budget); recording untouched
[scanengine][info][mid360] device 1: connected (sn=3GGDJ6K00100001 ip=127.0.0.1)
[scanengine][info][mid360] handle 16777343: configured (sn=3GGDJ6K00100001 ip=127.0.0.1)
[scanengine][info][mid360] device 1: starting -> streaming
[lidarscan][capture] live preview up: first packet after 2.08 s
[lidarscan] mid360-selftest PASSED — first packet after 2.08 s
[scanengine][info][lio] initialized: |a|=9.8069 m/s^2, bg=(0.01657 0.01687 0.02615) rad/s
[lidarscan][capture] live odometry is drifting: the IMU reads the rig as stationary (|a| dev 0.007 m/s², gyro 0.033 rad/s) while the SLAM pose implies 0.27 m/s (pose quality 3, sigma 0.001 m). The walk hint reports 0; recording is unaffected — every raw byte is still written.
[lidarscan] resize storm: 12.0 s, 1315 resize events -> 652 swapchain recreates, still rendering at 32.3 fps (cpu p95 0.20 ms)
[lidarscan] screenshot OK -> /Users/admin/lidarscan/desktop/evidence/18-refresh-downshift.png | 443178 pts / 2 pages | 31.7 fps | cpu p95 0.20 ms | gpu p95 2.65 ms | 1160x641 px dpr 1.00 | swapchains 653
[scanengine][info][mid360] device 1: streaming -> stopping
[scanengine][info][mid360] device 1: SDK2 torn down
[scanengine][info][mid360] device 1: stopping -> idle
[scanengine][info][engine] running -> stopping
[scanengine][info][engine] stopping -> idle
[scanengine][info][cloud] page store full-policy -> reject
[lidarscan][capture] live preview stopped — shutdown
FEngine (64 bits) created at 0xc4d047000 (threading is enabled)
FEngine resolved backend: Metal
Selected physical device 'Apple M4'
Supported GPU families: 
  MTLGPUFamilyCommon3
  MTLGPUFamilyApple7
  MTLGPUFamilyMac2
Features:
  readWriteTextureSupport: true
Backend feature level: 3
FEngine feature level: 1
=== 5b. ROUND-5 FIELD BUGS (NOTES §17.9-17.11) ===
===     A: a gait-free source must read 0.00 m/s for a whole minute      ===
===     B: the refresh governor recovers instead of ratcheting to 5 fps  ===
===     C: N record cycles on ONE connect, and re-arm across link drops  ===
$ /Users/admin/lidarscan/desktop/build/lidarscan --walk-speed-selftest
[lidarscan] walk-speed-selftest: stationary 60 s (1.5 cm jitter)    PASS — peak 0.000 m/s, hint fired 0x
[lidarscan] walk-speed-selftest: walking 1.4 m/s                    PASS — measured 1.403 m/s
[lidarscan] walk-speed-selftest: brisk 2.2 m/s trips the hint       PASS — measured 2.200 m/s
[lidarscan] walk-speed-selftest: LIO frame reset after 40 m walk    PASS — peak after reset 0.000 m/s, 1 discontinuity/ies
[lidarscan] walk-speed-selftest: coalesced 1 ms polls               PASS — peak 0.000 m/s, 57 sub-floor samples rejected
[lidarscan] walk-speed-selftest: stalled stream (repeated poses)    PASS — held 1.000 m/s, 50 repeats ignored
[lidarscan] walk-speed-selftest: IMU gate: parked rig is STILL      PASS — |a| dev 0.0071 m/s², gyro 0.0025 rad/s
[lidarscan] walk-speed-selftest: IMU gate: walking rig is NOT still PASS — |a| dev 1.0606 m/s², gyro 0.2227 rad/s
[lidarscan] walk-speed-selftest: IMU gate: gentle walk is NOT still PASS — |a| dev 0.3993 m/s², gyro 0.1106 rad/s
[lidarscan] walk-speed-selftest: IMU gate: no samples is UNKNOWN    PASS — valid=0 still=0
[lidarscan] walk-speed-selftest: PASS (0 failure(s))
$ /Users/admin/lidarscan/desktop/build/lidarscan --mid360-selftest 127.000.000.001:127.0.0.1 --walk-soak 60 --quit-after 80
[scanengine][info][instance] single-instance lock held: /var/folders/67/_n7jspjn69s9z0l0v2g6ycbh0000gn/T/lidarscan-lidarscan.lock (pid 21921)
[lidarscan] evidence hook active — settings isolated to /var/folders/67/_n7jspjn69s9z0l0v2g6ycbh0000gn/T/lidarscan-evidence-settings-21921 (68 key(s) copied in; the operator's own settings are read-only from here)
[scanengine][info][engine] scanengine 0.1.0 (clock: mach_absolute_time) created for 'LidarScan Desktop' (pages: 64 × 1048576 pts)
[lidarscan] scanengine 0.1.0 (clock: mach_absolute_time)
[scanengine][info][cloud] page store full-policy -> evict-oldest
[scanengine][info][engine] idle -> starting
[scanengine][info][engine] live SLAM on: map -> slam-map (inline)
[scanengine][info][engine] starting -> running
[scanengine][info][engine] added device 1 (livox-mid360)
[scanengine][info][mid360] device 1: SDK2 up (config /var/folders/67/_n7jspjn69s9z0l0v2g6ycbh0000gn/T/scanengine_mid360_1_0.json), waiting for 127.0.0.1
[scanengine][info][mid360] device 1: idle -> starting
[scanengine][info][mid360] device 1: started, backend=sdk2 lidar=127.0.0.1 host=127.000.000.001 point:56301 imu:56401 (decimation 1/5, filter: no-return=1 tag-mask=0x0C)
[lidarscan][capture] Mid-360 127.0.0.1 -> host 127.000.000.001, device #1 — live preview (not recording)
[lidarscan][capture] display sleep inhibited — macOS: IOKit PreventUserIdleDisplaySleep assertion held
[scanengine][info][mid360] device 1: connected (sn=3GGDJ6K00100001 ip=127.0.0.1)
[scanengine][info][mid360] handle 16777343: configured (sn=3GGDJ6K00100001 ip=127.0.0.1)
[scanengine][info][mid360] device 1: starting -> streaming
[lidarscan][capture] live preview up: first packet after 1.64 s
[lidarscan] mid360-selftest PASSED — first packet after 1.64 s
[lidarscan] walk-soak: armed — watching the walk hint for 60 s against a gait-free source (nobody is carrying it)
[scanengine][info][lio] initialized: |a|=9.8069 m/s^2, bg=(0.01657 0.01687 0.02615) rad/s
[lidarscan][capture] live odometry is drifting: the IMU reads the rig as stationary (|a| dev 0.007 m/s², gyro 0.033 rad/s) while the SLAM pose implies 0.30 m/s (pose quality 3, sigma 0.001 m). The walk hint reports 0; recording is unaffected — every raw byte is still written.
[lidarscan] walk-soak: 60 s, 601 measured samples, peak 0.000 m/s, 0 non-zero, hint fired 0x, 0 pose-frame reset(s) — PASS
[scanengine][info][mid360] device 1: streaming -> stopping
[scanengine][info][mid360] device 1: SDK2 torn down
[scanengine][info][mid360] device 1: stopping -> idle
[scanengine][info][engine] running -> stopping
[scanengine][info][engine] stopping -> idle
[scanengine][info][cloud] page store full-policy -> reject
[lidarscan][capture] live preview stopped — shutdown
FEngine (64 bits) created at 0xa46dae800 (threading is enabled)
FEngine resolved backend: Metal
Selected physical device 'Apple M4'
Supported GPU families: 
  MTLGPUFamilyCommon3
  MTLGPUFamilyApple7
  MTLGPUFamilyMac2
Features:
  readWriteTextureSupport: true
Backend feature level: 3
FEngine feature level: 1
$ /Users/admin/lidarscan/desktop/build/lidarscan --mid360-selftest 127.000.000.001:127.0.0.1 --record-cycles 4 --record-cycles-dir /Users/admin/lidarscan/desktop/evidence/round5-cycles --quit-after 55
[scanengine][info][instance] single-instance lock held: /var/folders/67/_n7jspjn69s9z0l0v2g6ycbh0000gn/T/lidarscan-lidarscan.lock (pid 22140)
[lidarscan] evidence hook active — settings isolated to /var/folders/67/_n7jspjn69s9z0l0v2g6ycbh0000gn/T/lidarscan-evidence-settings-22140 (68 key(s) copied in; the operator's own settings are read-only from here)
[scanengine][info][engine] scanengine 0.1.0 (clock: mach_absolute_time) created for 'LidarScan Desktop' (pages: 64 × 1048576 pts)
[lidarscan] scanengine 0.1.0 (clock: mach_absolute_time)
[scanengine][info][cloud] page store full-policy -> evict-oldest
[scanengine][info][engine] idle -> starting
[scanengine][info][engine] live SLAM on: map -> slam-map (inline)
[scanengine][info][engine] starting -> running
[scanengine][info][engine] added device 1 (livox-mid360)
[scanengine][info][mid360] device 1: SDK2 up (config /var/folders/67/_n7jspjn69s9z0l0v2g6ycbh0000gn/T/scanengine_mid360_1_0.json), waiting for 127.0.0.1
[scanengine][info][mid360] device 1: idle -> starting
[scanengine][info][mid360] device 1: started, backend=sdk2 lidar=127.0.0.1 host=127.000.000.001 point:56301 imu:56401 (decimation 1/5, filter: no-return=1 tag-mask=0x0C)
[lidarscan][capture] Mid-360 127.0.0.1 -> host 127.000.000.001, device #1 — live preview (not recording)
[lidarscan][capture] display sleep inhibited — macOS: IOKit PreventUserIdleDisplaySleep assertion held
[scanengine][info][mid360] device 1: connected (sn=3GGDJ6K00100001 ip=127.0.0.1)
[scanengine][info][mid360] handle 16777343: configured (sn=3GGDJ6K00100001 ip=127.0.0.1)
[scanengine][info][mid360] device 1: starting -> streaming
[lidarscan][capture] live preview up: first packet after 1.33 s
[lidarscan] mid360-selftest PASSED — first packet after 1.33 s
[lidarscan] record-cycles: armed; running 4 record cycles on this ONE connect
[scanengine][info][engine] running -> stopping
[scanengine][info][mid360] device 1: streaming -> stopping
[scanengine][info][mid360] device 1: SDK2 torn down
[scanengine][info][mid360] device 1: stopping -> idle
[scanengine][info][engine] stopping -> idle
[scanengine][info][engine] idle -> starting
[scanengine][info][cloud] live page store reset: 1 page(s) / 8295 points retired (buffers kept)
[scanengine][info][engine] live SLAM on: map -> slam-map (inline)
[scanengine][info][record] file writer open at '/Users/admin/lidarscan/desktop/evidence/round5-cycles/Scan-056 2026-08-18 00-41.lscan'
[scanengine][info][mid360] device 1: SDK2 up (config /var/folders/67/_n7jspjn69s9z0l0v2g6ycbh0000gn/T/scanengine_mid360_1_1.json), waiting for 127.0.0.1
[scanengine][info][mid360] device 1: idle -> starting
[scanengine][info][mid360] device 1: started, backend=sdk2 lidar=127.0.0.1 host=127.000.000.001 point:56301 imu:56401 (decimation 1/5, filter: no-return=1 tag-mask=0x0C)
[scanengine][info][engine] starting -> running
[scanengine][info][record] opened stream file '/Users/admin/lidarscan/desktop/evidence/round5-cycles/Scan-056 2026-08-18 00-41.lscan/streams/lidar.bin' (stream=lidar-mid360)
[scanengine][info][mid360] device 1: starting -> streaming
[lidarscan][capture] recording started -> /Users/admin/lidarscan/desktop/evidence/round5-cycles/Scan-056 2026-08-18 00-41.lscan  (auto-named)
[lidarscan] record-cycles: cycle 1/4 -> /Users/admin/lidarscan/desktop/evidence/round5-cycles/Scan-056 2026-08-18 00-41.lscan (2.0 s)
[scanengine][info][record] opened stream file '/Users/admin/lidarscan/desktop/evidence/round5-cycles/Scan-056 2026-08-18 00-41.lscan/streams/imu.bin' (stream=imu)
[scanengine][info][lio] initialized: |a|=9.8064 m/s^2, bg=(0.01327 0.01560 0.02601) rad/s
[scanengine][info][mid360] device 1: connected (sn=3GGDJ6K00100001 ip=127.0.0.1)
[scanengine][info][mid360] handle 16777343: configured (sn=3GGDJ6K00100001 ip=127.0.0.1)
[lidarscan] refresh governor: 60 -> 48 fps (down) — delivered 43.2 fps against a 60 fps cap, frame cpu p95 0.13 ms of a 16.7 ms budget
[lidarscan][capture] live refresh governor downshift -> 48 fps (delivered 43.2 fps against a 60 fps cap, frame cpu p95 0.13 ms of a 16.7 ms budget); recording untouched
[scanengine][info][engine] running -> stopping
[scanengine][info][mid360] device 1: streaming -> stopping
[scanengine][info][mid360] device 1: SDK2 torn down
[scanengine][info][mid360] device 1: stopping -> idle
[scanengine][info][engine] stopping -> idle
[scanengine][info][engine] idle -> starting
[scanengine][info][cloud] live page store reset: 2 page(s) / 96471 points retired (buffers kept)
[scanengine][info][engine] live SLAM on: map -> slam-map (inline)
[scanengine][info][mid360] device 1: SDK2 up (config /var/folders/67/_n7jspjn69s9z0l0v2g6ycbh0000gn/T/scanengine_mid360_1_2.json), waiting for 127.0.0.1
[scanengine][info][mid360] device 1: idle -> starting
[scanengine][info][mid360] device 1: started, backend=sdk2 lidar=127.0.0.1 host=127.000.000.001 point:56301 imu:56401 (decimation 1/5, filter: no-return=1 tag-mask=0x0C)
[scanengine][info][engine] starting -> running
[scanengine][info][mid360] device 1: starting -> streaming
[lidarscan][capture] Sealed Scan-056 2026-08-18 00-41.lscan — 2.0 s recording · 4648 chunks / 5.7 MB written · 77472 points decoded since Start (device counters also include any paused time) · 0 drops (device) / 0 dropped (store)
[lidarscan] record-cycles: cycle 1 -> 4648 chunks, 5877000 bytes, 2.04 s, sealed=true
[scanengine][info][lio] initialized: |a|=9.8056 m/s^2, bg=(-0.00965 0.00060 0.02612) rad/s
[scanengine][info][engine] running -> stopping
[scanengine][info][mid360] device 1: streaming -> stopping
[scanengine][info][mid360] device 1: SDK2 torn down
[scanengine][info][mid360] device 1: stopping -> idle
[scanengine][info][engine] stopping -> idle
[scanengine][info][engine] idle -> starting
[scanengine][info][cloud] live page store reset: 2 page(s) / 37081 points retired (buffers kept)
[scanengine][info][engine] live SLAM on: map -> slam-map (inline)
[scanengine][info][record] file writer open at '/Users/admin/lidarscan/desktop/evidence/round5-cycles/Scan-057 2026-08-18 00-41.lscan'
[scanengine][info][mid360] device 1: SDK2 up (config /var/folders/67/_n7jspjn69s9z0l0v2g6ycbh0000gn/T/scanengine_mid360_1_3.json), waiting for 127.0.0.1
[scanengine][info][mid360] device 1: idle -> starting
[scanengine][info][mid360] device 1: started, backend=sdk2 lidar=127.0.0.1 host=127.000.000.001 point:56301 imu:56401 (decimation 1/5, filter: no-return=1 tag-mask=0x0C)
[scanengine][info][engine] starting -> running
[scanengine][info][record] opened stream file '/Users/admin/lidarscan/desktop/evidence/round5-cycles/Scan-057 2026-08-18 00-41.lscan/streams/lidar.bin' (stream=lidar-mid360)
[scanengine][info][mid360] device 1: starting -> streaming
[scanengine][info][record] opened stream file '/Users/admin/lidarscan/desktop/evidence/round5-cycles/Scan-057 2026-08-18 00-41.lscan/streams/imu.bin' (stream=imu)
[lidarscan][capture] recording started -> /Users/admin/lidarscan/desktop/evidence/round5-cycles/Scan-057 2026-08-18 00-41.lscan  (auto-named)
[lidarscan] record-cycles: cycle 2/4 -> /Users/admin/lidarscan/desktop/evidence/round5-cycles/Scan-057 2026-08-18 00-41.lscan (2.0 s)
[scanengine][info][lio] initialized: |a|=9.8052 m/s^2, bg=(-0.01556 -0.00632 0.02616) rad/s
[lidarscan] refresh governor: 48 -> 30 fps (down) — delivered 17.1 fps against a 48 fps cap, frame cpu p95 0.17 ms of a 20.8 ms budget
[lidarscan][capture] live refresh governor downshift -> 30 fps (delivered 17.1 fps against a 48 fps cap, frame cpu p95 0.17 ms of a 20.8 ms budget); recording untouched
[scanengine][info][mid360] device 1: connected (sn=3GGDJ6K00100001 ip=127.0.0.1)
[scanengine][info][mid360] handle 16777343: configured (sn=3GGDJ6K00100001 ip=127.0.0.1)
[scanengine][info][engine] running -> stopping
[scanengine][info][mid360] device 1: streaming -> stopping
[scanengine][info][mid360] device 1: SDK2 torn down
[scanengine][info][mid360] device 1: stopping -> idle
[scanengine][info][engine] stopping -> idle
[scanengine][info][engine] idle -> starting
[scanengine][info][cloud] live page store reset: 2 page(s) / 90174 points retired (buffers kept)
[scanengine][info][engine] live SLAM on: map -> slam-map (inline)
[scanengine][info][mid360] device 1: SDK2 up (config /var/folders/67/_n7jspjn69s9z0l0v2g6ycbh0000gn/T/scanengine_mid360_1_4.json), waiting for 127.0.0.1
[scanengine][info][mid360] device 1: idle -> starting
[scanengine][info][mid360] device 1: started, backend=sdk2 lidar=127.0.0.1 host=127.000.000.001 point:56301 imu:56401 (decimation 1/5, filter: no-return=1 tag-mask=0x0C)
[scanengine][info][engine] starting -> running
[scanengine][info][mid360] device 1: starting -> streaming
[lidarscan][capture] Sealed Scan-057 2026-08-18 00-41.lscan — 1.9 s recording · 4347 chunks / 5.3 MB written · 70580 points decoded since Start (device counters also include any paused time) · 0 drops (device) / 0 dropped (store)
[lidarscan] record-cycles: cycle 2 -> 4347 chunks, 5495940 bytes, 1.90 s, sealed=true
[scanengine][info][lio] initialized: |a|=9.8027 m/s^2, bg=(-0.01552 -0.01610 0.02605) rad/s
[scanengine][info][engine] running -> stopping
[scanengine][info][mid360] device 1: streaming -> stopping
[scanengine][info][mid360] device 1: SDK2 torn down
[scanengine][info][mid360] device 1: stopping -> idle
[scanengine][info][engine] stopping -> idle
[scanengine][info][engine] idle -> starting
[scanengine][info][cloud] live page store reset: 2 page(s) / 36184 points retired (buffers kept)
[scanengine][info][engine] live SLAM on: map -> slam-map (inline)
[scanengine][info][record] file writer open at '/Users/admin/lidarscan/desktop/evidence/round5-cycles/Scan-058 2026-08-18 00-41.lscan'
[scanengine][info][mid360] device 1: SDK2 up (config /var/folders/67/_n7jspjn69s9z0l0v2g6ycbh0000gn/T/scanengine_mid360_1_5.json), waiting for 127.0.0.1
[scanengine][info][mid360] device 1: idle -> starting
[scanengine][info][mid360] device 1: started, backend=sdk2 lidar=127.0.0.1 host=127.000.000.001 point:56301 imu:56401 (decimation 1/5, filter: no-return=1 tag-mask=0x0C)
[scanengine][info][engine] starting -> running
[scanengine][info][record] opened stream file '/Users/admin/lidarscan/desktop/evidence/round5-cycles/Scan-058 2026-08-18 00-41.lscan/streams/lidar.bin' (stream=lidar-mid360)
[scanengine][info][mid360] device 1: starting -> streaming
[lidarscan][capture] recording started -> /Users/admin/lidarscan/desktop/evidence/round5-cycles/Scan-058 2026-08-18 00-41.lscan  (auto-named)
[lidarscan] record-cycles: cycle 3/4 -> /Users/admin/lidarscan/desktop/evidence/round5-cycles/Scan-058 2026-08-18 00-41.lscan (2.0 s)
[scanengine][info][record] opened stream file '/Users/admin/lidarscan/desktop/evidence/round5-cycles/Scan-058 2026-08-18 00-41.lscan/streams/imu.bin' (stream=imu)
[scanengine][info][lio] initialized: |a|=9.8056 m/s^2, bg=(-0.00894 -0.01766 0.02560) rad/s
[scanengine][info][mid360] device 1: connected (sn=3GGDJ6K00100001 ip=127.0.0.1)
[scanengine][info][mid360] handle 16777343: configured (sn=3GGDJ6K00100001 ip=127.0.0.1)
[scanengine][info][engine] running -> stopping
[scanengine][info][mid360] device 1: streaming -> stopping
[scanengine][info][mid360] device 1: SDK2 torn down
[scanengine][info][mid360] device 1: stopping -> idle
[scanengine][info][engine] stopping -> idle
[scanengine][info][engine] idle -> starting
[scanengine][info][cloud] live page store reset: 2 page(s) / 98522 points retired (buffers kept)
[scanengine][info][engine] live SLAM on: map -> slam-map (inline)
[scanengine][info][mid360] device 1: SDK2 up (config /var/folders/67/_n7jspjn69s9z0l0v2g6ycbh0000gn/T/scanengine_mid360_1_6.json), waiting for 127.0.0.1
[scanengine][info][mid360] device 1: idle -> starting
[scanengine][info][mid360] device 1: started, backend=sdk2 lidar=127.0.0.1 host=127.000.000.001 point:56301 imu:56401 (decimation 1/5, filter: no-return=1 tag-mask=0x0C)
[scanengine][info][engine] starting -> running
[scanengine][info][mid360] device 1: starting -> streaming
[lidarscan][capture] Sealed Scan-058 2026-08-18 00-41.lscan — 2.1 s recording · 4806 chunks / 5.9 MB written · 77895 points decoded since Start (device counters also include any paused time) · 0 drops (device) / 0 dropped (store)
[lidarscan] record-cycles: cycle 3 -> 4806 chunks, 6076560 bytes, 2.10 s, sealed=true
[scanengine][info][lio] initialized: |a|=9.8044 m/s^2, bg=(0.01464 -0.00681 0.02578) rad/s
[scanengine][info][engine] running -> stopping
[scanengine][info][mid360] device 1: streaming -> stopping
[scanengine][info][mid360] device 1: SDK2 torn down
[scanengine][info][mid360] device 1: stopping -> idle
[scanengine][info][engine] stopping -> idle
[scanengine][info][engine] idle -> starting
[scanengine][info][cloud] live page store reset: 2 page(s) / 37097 points retired (buffers kept)
[scanengine][info][engine] live SLAM on: map -> slam-map (inline)
[scanengine][info][record] file writer open at '/Users/admin/lidarscan/desktop/evidence/round5-cycles/Scan-059 2026-08-18 00-42.lscan'
[scanengine][info][mid360] device 1: SDK2 up (config /var/folders/67/_n7jspjn69s9z0l0v2g6ycbh0000gn/T/scanengine_mid360_1_7.json), waiting for 127.0.0.1
[scanengine][info][mid360] device 1: idle -> starting
[scanengine][info][mid360] device 1: started, backend=sdk2 lidar=127.0.0.1 host=127.000.000.001 point:56301 imu:56401 (decimation 1/5, filter: no-return=1 tag-mask=0x0C)
[scanengine][info][engine] starting -> running
[scanengine][info][record] opened stream file '/Users/admin/lidarscan/desktop/evidence/round5-cycles/Scan-059 2026-08-18 00-42.lscan/streams/lidar.bin' (stream=lidar-mid360)
[scanengine][info][mid360] device 1: starting -> streaming
[lidarscan][capture] recording started -> /Users/admin/lidarscan/desktop/evidence/round5-cycles/Scan-059 2026-08-18 00-42.lscan  (auto-named)
[scanengine][info][record] opened stream file '/Users/admin/lidarscan/desktop/evidence/round5-cycles/Scan-059 2026-08-18 00-42.lscan/streams/imu.bin' (stream=imu)
[lidarscan] record-cycles: cycle 4/4 -> /Users/admin/lidarscan/desktop/evidence/round5-cycles/Scan-059 2026-08-18 00-42.lscan (2.0 s)
[scanengine][info][lio] initialized: |a|=9.8050 m/s^2, bg=(0.01771 -0.00003 0.02606) rad/s
[lidarscan] refresh governor: 30 -> 24 fps (down) — delivered 21.3 fps against a 30 fps cap, frame cpu p95 0.15 ms of a 33.3 ms budget
[lidarscan][capture] live refresh governor downshift -> 24 fps (delivered 21.3 fps against a 30 fps cap, frame cpu p95 0.15 ms of a 33.3 ms budget); recording untouched
[scanengine][info][mid360] device 1: connected (sn=3GGDJ6K00100001 ip=127.0.0.1)
[scanengine][info][mid360] handle 16777343: configured (sn=3GGDJ6K00100001 ip=127.0.0.1)
[scanengine][info][engine] running -> stopping
[scanengine][info][mid360] device 1: streaming -> stopping
[scanengine][info][mid360] device 1: SDK2 torn down
[scanengine][info][mid360] device 1: stopping -> idle
[scanengine][info][engine] stopping -> idle
[scanengine][info][engine] idle -> starting
[scanengine][info][cloud] live page store reset: 2 page(s) / 92360 points retired (buffers kept)
[scanengine][info][engine] live SLAM on: map -> slam-map (inline)
[scanengine][info][mid360] device 1: SDK2 up (config /var/folders/67/_n7jspjn69s9z0l0v2g6ycbh0000gn/T/scanengine_mid360_1_8.json), waiting for 127.0.0.1
[scanengine][info][mid360] device 1: idle -> starting
[scanengine][info][mid360] device 1: started, backend=sdk2 lidar=127.0.0.1 host=127.000.000.001 point:56301 imu:56401 (decimation 1/5, filter: no-return=1 tag-mask=0x0C)
[scanengine][info][engine] starting -> running
[scanengine][info][mid360] device 1: starting -> streaming
[lidarscan][capture] Sealed Scan-059 2026-08-18 00-42.lscan — 2.0 s recording · 4456 chunks / 5.5 MB written · 70580 points decoded since Start (device counters also include any paused time) · 0 drops (device) / 0 dropped (store)
[lidarscan] record-cycles: cycle 4 -> 4457 chunks, 5633220 bytes, 1.98 s, sealed=true
[lidarscan] record-cycles: cycle 1 OK (4648 chunks)
[lidarscan] record-cycles: cycle 2 OK (4347 chunks)
[lidarscan] record-cycles: cycle 3 OK (4806 chunks)
[lidarscan] record-cycles: cycle 4 OK (4457 chunks)
[lidarscan] record-cycles: 4/4 cycles recorded — PASS
[scanengine][info][mid360] device 1: streaming -> stopping
[scanengine][info][mid360] device 1: SDK2 torn down
[scanengine][info][mid360] device 1: stopping -> idle
[scanengine][info][engine] running -> stopping
[scanengine][info][engine] stopping -> idle
[scanengine][info][cloud] page store full-policy -> reject
[lidarscan][capture] live preview stopped — shutdown
FEngine (64 bits) created at 0xac7047000 (threading is enabled)
FEngine resolved backend: Metal
Selected physical device 'Apple M4'
Supported GPU families: 
  MTLGPUFamilyCommon3
  MTLGPUFamilyApple7
  MTLGPUFamilyMac2
Features:
  readWriteTextureSupport: true
Backend feature level: 3
FEngine feature level: 1
$ /Users/admin/lidarscan/desktop/build/lidarscan --mid360-selftest 127.000.000.001:127.0.0.1 --record-cycles 4 --record-cycle-seconds 12 --record-cycles-dir /Users/admin/lidarscan/desktop/evidence/round5-cycles-drop --quit-after 75
[scanengine][info][instance] single-instance lock held: /var/folders/67/_n7jspjn69s9z0l0v2g6ycbh0000gn/T/lidarscan-lidarscan.lock (pid 22298)
[lidarscan] evidence hook active — settings isolated to /var/folders/67/_n7jspjn69s9z0l0v2g6ycbh0000gn/T/lidarscan-evidence-settings-22298 (68 key(s) copied in; the operator's own settings are read-only from here)
[scanengine][info][engine] scanengine 0.1.0 (clock: mach_absolute_time) created for 'LidarScan Desktop' (pages: 64 × 1048576 pts)
[lidarscan] scanengine 0.1.0 (clock: mach_absolute_time)
[scanengine][info][cloud] page store full-policy -> evict-oldest
[scanengine][info][engine] idle -> starting
[scanengine][info][engine] live SLAM on: map -> slam-map (inline)
[scanengine][info][engine] starting -> running
[scanengine][info][engine] added device 1 (livox-mid360)
[scanengine][info][mid360] device 1: SDK2 up (config /var/folders/67/_n7jspjn69s9z0l0v2g6ycbh0000gn/T/scanengine_mid360_1_0.json), waiting for 127.0.0.1
[scanengine][info][mid360] device 1: idle -> starting
[scanengine][info][mid360] device 1: started, backend=sdk2 lidar=127.0.0.1 host=127.000.000.001 point:56301 imu:56401 (decimation 1/5, filter: no-return=1 tag-mask=0x0C)
[lidarscan][capture] Mid-360 127.0.0.1 -> host 127.000.000.001, device #1 — live preview (not recording)
[lidarscan][capture] display sleep inhibited — macOS: IOKit PreventUserIdleDisplaySleep assertion held
[scanengine][info][mid360] device 1: connected (sn=3GGDJ6K00100001 ip=127.0.0.1)
[scanengine][info][mid360] handle 16777343: configured (sn=3GGDJ6K00100001 ip=127.0.0.1)
[scanengine][info][mid360] device 1: starting -> streaming
[lidarscan][capture] live preview up: first packet after 1.56 s
[lidarscan] mid360-selftest PASSED — first packet after 1.56 s
[lidarscan] record-cycles: armed; running 4 record cycles on this ONE connect
[scanengine][info][engine] running -> stopping
[scanengine][info][mid360] device 1: streaming -> stopping
[scanengine][info][mid360] device 1: SDK2 torn down
[scanengine][info][mid360] device 1: stopping -> idle
[scanengine][info][engine] stopping -> idle
[scanengine][info][engine] idle -> starting
[scanengine][info][cloud] live page store reset: 1 page(s) / 17472 points retired (buffers kept)
[scanengine][info][engine] live SLAM on: map -> slam-map (inline)
[scanengine][info][record] file writer open at '/Users/admin/lidarscan/desktop/evidence/round5-cycles-drop/Scan-056 2026-08-18 00-42.lscan'
[scanengine][info][mid360] device 1: SDK2 up (config /var/folders/67/_n7jspjn69s9z0l0v2g6ycbh0000gn/T/scanengine_mid360_1_1.json), waiting for 127.0.0.1
[scanengine][info][mid360] device 1: idle -> starting
[scanengine][info][mid360] device 1: started, backend=sdk2 lidar=127.0.0.1 host=127.000.000.001 point:56301 imu:56401 (decimation 1/5, filter: no-return=1 tag-mask=0x0C)
[scanengine][info][engine] starting -> running
[scanengine][info][record] opened stream file '/Users/admin/lidarscan/desktop/evidence/round5-cycles-drop/Scan-056 2026-08-18 00-42.lscan/streams/lidar.bin' (stream=lidar-mid360)
[scanengine][info][mid360] device 1: starting -> streaming
[scanengine][info][record] opened stream file '/Users/admin/lidarscan/desktop/evidence/round5-cycles-drop/Scan-056 2026-08-18 00-42.lscan/streams/imu.bin' (stream=imu)
[lidarscan][capture] recording started -> /Users/admin/lidarscan/desktop/evidence/round5-cycles-drop/Scan-056 2026-08-18 00-42.lscan  (auto-named)
[lidarscan] record-cycles: cycle 1/4 -> /Users/admin/lidarscan/desktop/evidence/round5-cycles-drop/Scan-056 2026-08-18 00-42.lscan (12.0 s)
[scanengine][info][lio] initialized: |a|=9.8061 m/s^2, bg=(0.01367 0.01583 0.02601) rad/s
[scanengine][info][mid360] device 1: connected (sn=3GGDJ6K00100001 ip=127.0.0.1)
[scanengine][info][mid360] handle 16777343: configured (sn=3GGDJ6K00100001 ip=127.0.0.1)
[lidarscan][capture] live odometry is drifting: the IMU reads the rig as stationary (|a| dev 0.008 m/s², gyro 0.029 rad/s) while the SLAM pose implies 0.27 m/s (pose quality 3, sigma 0.001 m). The walk hint reports 0; recording is unaffected — every raw byte is still written.
[scanengine][warn][mid360] device 1: DATA WATCHDOG tripped — no point packet for 1.04 s (trip #1). udp_cnt cannot see this; forcing a full SDK re-init in 5.0 s if it stays silent.
[scanengine][info][mid360] device 1: streaming -> degraded device not responding
[scanengine][info][engine] running -> stopping
[scanengine][info][mid360] device 1: degraded -> stopping
[scanengine][info][mid360] device 1: SDK2 torn down
[scanengine][info][mid360] device 1: stopping -> idle
[scanengine][info][engine] stopping -> idle
[scanengine][info][engine] idle -> starting
[scanengine][info][cloud] live page store reset: 2 page(s) / 347458 points retired (buffers kept)
[scanengine][info][engine] live SLAM on: map -> slam-map (inline)
[scanengine][info][mid360] device 1: SDK2 up (config /var/folders/67/_n7jspjn69s9z0l0v2g6ycbh0000gn/T/scanengine_mid360_1_2.json), waiting for 127.0.0.1
[scanengine][info][mid360] device 1: idle -> starting
[scanengine][info][mid360] device 1: started, backend=sdk2 lidar=127.0.0.1 host=127.000.000.001 point:56301 imu:56401 (decimation 1/5, filter: no-return=1 tag-mask=0x0C)
[scanengine][info][engine] starting -> running
[lidarscan][capture] Sealed Scan-056 2026-08-18 00-42.lscan — 11.4 s recording · 18819 chunks / 23.1 MB written · 329664 points decoded since Start (device counters also include any paused time) · 0 drops (device) / 0 dropped (store)
[lidarscan] record-cycles: cycle 1 -> 18819 chunks, 23793540 bytes, 8.25 s, sealed=true
[scanengine][info][engine] running -> stopping
[scanengine][info][mid360] device 1: starting -> stopping
[scanengine][info][mid360] device 1: SDK2 torn down
[scanengine][info][mid360] device 1: stopping -> idle
[scanengine][info][engine] stopping -> idle
[scanengine][info][engine] idle -> starting
[scanengine][info][engine] live SLAM on: map -> slam-map (inline)
[scanengine][info][record] file writer open at '/Users/admin/lidarscan/desktop/evidence/round5-cycles-drop/Scan-057 2026-08-18 00-42.lscan'
[scanengine][info][mid360] device 1: SDK2 up (config /var/folders/67/_n7jspjn69s9z0l0v2g6ycbh0000gn/T/scanengine_mid360_1_3.json), waiting for 127.0.0.1
[scanengine][info][mid360] device 1: idle -> starting
[scanengine][info][mid360] device 1: started, backend=sdk2 lidar=127.0.0.1 host=127.000.000.001 point:56301 imu:56401 (decimation 1/5, filter: no-return=1 tag-mask=0x0C)
[scanengine][info][engine] starting -> running
[lidarscan][capture] recording started -> /Users/admin/lidarscan/desktop/evidence/round5-cycles-drop/Scan-057 2026-08-18 00-42.lscan  (auto-named)
[lidarscan] record-cycles: cycle 2/4 -> /Users/admin/lidarscan/desktop/evidence/round5-cycles-drop/Scan-057 2026-08-18 00-42.lscan (12.0 s)
[lidarscan] refresh governor: 60 -> 48 fps (down) — delivered 43.2 fps against a 60 fps cap, frame cpu p95 0.11 ms of a 16.7 ms budget
[lidarscan][capture] live refresh governor downshift -> 48 fps (delivered 43.2 fps against a 60 fps cap, frame cpu p95 0.11 ms of a 16.7 ms budget); recording untouched
[lidarscan] refresh governor: 48 -> 30 fps (down) — delivered 29.1 fps against a 48 fps cap, frame cpu p95 0.13 ms of a 20.8 ms budget
[lidarscan][capture] live refresh governor downshift -> 30 fps (delivered 29.1 fps against a 48 fps cap, frame cpu p95 0.13 ms of a 20.8 ms budget); recording untouched
[scanengine][info][mid360] device 1: starting -> stopping
[scanengine][info][mid360] device 1: SDK2 torn down
[scanengine][info][mid360] device 1: stopping -> idle
[scanengine][info][engine] added device 2 (livox-mid360)
[scanengine][info][mid360] device 2: SDK2 up (config /var/folders/67/_n7jspjn69s9z0l0v2g6ycbh0000gn/T/scanengine_mid360_2_4.json), waiting for 127.0.0.1
[scanengine][info][mid360] device 2: idle -> starting
[scanengine][info][mid360] device 2: started, backend=sdk2 lidar=127.0.0.1 host=127.000.000.001 point:56301 imu:56401 (decimation 1/5, filter: no-return=1 tag-mask=0x0C)
[lidarscan][capture] no sensor data for 6.2 s after Start restarted the sensor — re-armed the Mid-360 in place (attempt 1); the recording stayed open
[scanengine][info][record] opened stream file '/Users/admin/lidarscan/desktop/evidence/round5-cycles-drop/Scan-057 2026-08-18 00-42.lscan/streams/lidar.bin' (stream=lidar-mid360)
[scanengine][warn][timesync] stream lidar-mid360: stream-gap, step 14163 ms, offset 1789206666397275 -> 1789206667268166 ns; re-converging
[scanengine][info][mid360] device 2: starting -> streaming
[scanengine][info][record] opened stream file '/Users/admin/lidarscan/desktop/evidence/round5-cycles-drop/Scan-057 2026-08-18 00-42.lscan/streams/imu.bin' (stream=imu)
[lidarscan][capture] sensor data resumed 2.44 s after Start restarted the sensor (after 1 re-arm(s))
[scanengine][info][lio] initialized: |a|=9.8073 m/s^2, bg=(0.00552 -0.01327 0.02592) rad/s
[scanengine][info][mid360] device 2: connected (sn=3GGDJ6K00100001 ip=127.0.0.1)
[scanengine][info][mid360] handle 16777343: configured (sn=3GGDJ6K00100001 ip=127.0.0.1)
[scanengine][info][engine] running -> stopping
[scanengine][info][mid360] device 2: streaming -> stopping
[scanengine][info][mid360] device 2: SDK2 torn down
[scanengine][info][mid360] device 2: stopping -> idle
[scanengine][info][engine] stopping -> idle
[scanengine][info][engine] idle -> starting
[scanengine][info][cloud] live page store reset: 2 page(s) / 136869 points retired (buffers kept)
[scanengine][info][engine] live SLAM on: map -> slam-map (inline)
[scanengine][info][mid360] device 2: SDK2 up (config /var/folders/67/_n7jspjn69s9z0l0v2g6ycbh0000gn/T/scanengine_mid360_2_5.json), waiting for 127.0.0.1
[scanengine][info][mid360] device 2: idle -> starting
[scanengine][info][mid360] device 2: started, backend=sdk2 lidar=127.0.0.1 host=127.000.000.001 point:56301 imu:56401 (decimation 1/5, filter: no-return=1 tag-mask=0x0C)
[scanengine][info][engine] starting -> running
[scanengine][info][mid360] device 2: starting -> streaming
[lidarscan][capture] Sealed Scan-057 2026-08-18 00-42.lscan — 12.2 s recording · 6902 chunks / 8.5 MB written · 119578 points decoded since Start (device counters also include any paused time) · 0 drops (device) / 0 dropped (store)
[lidarscan] record-cycles: cycle 2 -> 6902 chunks, 8727480 bytes, 3.02 s, sealed=true
[scanengine][info][lio] initialized: |a|=9.8082 m/s^2, bg=(0.01251 -0.01119 0.02623) rad/s
[scanengine][info][engine] running -> stopping
[scanengine][info][mid360] device 2: streaming -> stopping
[scanengine][info][mid360] device 2: SDK2 torn down
[scanengine][info][mid360] device 2: stopping -> idle
[scanengine][info][engine] stopping -> idle
[scanengine][info][engine] idle -> starting
[scanengine][info][cloud] live page store reset: 2 page(s) / 40135 points retired (buffers kept)
[scanengine][info][engine] live SLAM on: map -> slam-map (inline)
[scanengine][info][record] file writer open at '/Users/admin/lidarscan/desktop/evidence/round5-cycles-drop/Scan-058 2026-08-18 00-43.lscan'
[scanengine][info][mid360] device 2: SDK2 up (config /var/folders/67/_n7jspjn69s9z0l0v2g6ycbh0000gn/T/scanengine_mid360_2_6.json), waiting for 127.0.0.1
[scanengine][info][mid360] device 2: idle -> starting
[scanengine][info][mid360] device 2: started, backend=sdk2 lidar=127.0.0.1 host=127.000.000.001 point:56301 imu:56401 (decimation 1/5, filter: no-return=1 tag-mask=0x0C)
[scanengine][info][engine] starting -> running
[scanengine][info][record] opened stream file '/Users/admin/lidarscan/desktop/evidence/round5-cycles-drop/Scan-058 2026-08-18 00-43.lscan/streams/lidar.bin' (stream=lidar-mid360)
[scanengine][info][mid360] device 2: starting -> streaming
[lidarscan][capture] recording started -> /Users/admin/lidarscan/desktop/evidence/round5-cycles-drop/Scan-058 2026-08-18 00-43.lscan  (auto-named)
[lidarscan] record-cycles: cycle 3/4 -> /Users/admin/lidarscan/desktop/evidence/round5-cycles-drop/Scan-058 2026-08-18 00-43.lscan (12.0 s)
[scanengine][info][record] opened stream file '/Users/admin/lidarscan/desktop/evidence/round5-cycles-drop/Scan-058 2026-08-18 00-43.lscan/streams/imu.bin' (stream=imu)
[scanengine][info][lio] initialized: |a|=9.8082 m/s^2, bg=(0.00505 -0.00518 0.02663) rad/s
[scanengine][info][mid360] device 2: connected (sn=3GGDJ6K00100001 ip=127.0.0.1)
[scanengine][info][mid360] handle 16777343: configured (sn=3GGDJ6K00100001 ip=127.0.0.1)
[scanengine][warn][mid360] device 2: DATA WATCHDOG tripped — no point packet for 1.04 s (trip #1). udp_cnt cannot see this; forcing a full SDK re-init in 5.0 s if it stays silent.
[scanengine][info][mid360] device 2: streaming -> degraded device not responding
[scanengine][info][engine] running -> stopping
[scanengine][info][mid360] device 2: degraded -> stopping
[scanengine][info][mid360] device 2: SDK2 torn down
[scanengine][info][mid360] device 2: stopping -> idle
[scanengine][info][engine] stopping -> idle
[scanengine][info][engine] idle -> starting
[scanengine][info][cloud] live page store reset: 2 page(s) / 297302 points retired (buffers kept)
[scanengine][info][engine] live SLAM on: map -> slam-map (inline)
[scanengine][info][mid360] device 2: SDK2 up (config /var/folders/67/_n7jspjn69s9z0l0v2g6ycbh0000gn/T/scanengine_mid360_2_7.json), waiting for 127.0.0.1
[scanengine][info][mid360] device 2: idle -> starting
[scanengine][info][mid360] device 2: started, backend=sdk2 lidar=127.0.0.1 host=127.000.000.001 point:56301 imu:56401 (decimation 1/5, filter: no-return=1 tag-mask=0x0C)
[scanengine][info][engine] starting -> running
[lidarscan][capture] Sealed Scan-058 2026-08-18 00-43.lscan — 11.8 s recording · 15872 chunks / 19.4 MB written · 278055 points decoded since Start (device counters also include any paused time) · 0 drops (device) / 0 dropped (store)
[lidarscan] record-cycles: cycle 3 -> 15872 chunks, 20068560 bytes, 6.95 s, sealed=true
[scanengine][info][engine] running -> stopping
[scanengine][info][mid360] device 2: starting -> stopping
[scanengine][info][mid360] device 2: SDK2 torn down
[scanengine][info][mid360] device 2: stopping -> idle
[scanengine][info][engine] stopping -> idle
[scanengine][info][engine] idle -> starting
[scanengine][info][engine] live SLAM on: map -> slam-map (inline)
[scanengine][info][record] file writer open at '/Users/admin/lidarscan/desktop/evidence/round5-cycles-drop/Scan-059 2026-08-18 00-43.lscan'
[scanengine][info][mid360] device 2: SDK2 up (config /var/folders/67/_n7jspjn69s9z0l0v2g6ycbh0000gn/T/scanengine_mid360_2_8.json), waiting for 127.0.0.1
[scanengine][info][mid360] device 2: idle -> starting
[scanengine][info][mid360] device 2: started, backend=sdk2 lidar=127.0.0.1 host=127.000.000.001 point:56301 imu:56401 (decimation 1/5, filter: no-return=1 tag-mask=0x0C)
[scanengine][info][engine] starting -> running
[lidarscan][capture] recording started -> /Users/admin/lidarscan/desktop/evidence/round5-cycles-drop/Scan-059 2026-08-18 00-43.lscan  (auto-named)
[lidarscan] record-cycles: cycle 4/4 -> /Users/admin/lidarscan/desktop/evidence/round5-cycles-drop/Scan-059 2026-08-18 00-43.lscan (12.0 s)
[scanengine][info][mid360] device 2: starting -> stopping
[scanengine][info][mid360] device 2: SDK2 torn down
[scanengine][info][mid360] device 2: stopping -> idle
[scanengine][info][engine] added device 3 (livox-mid360)
[scanengine][info][mid360] device 3: SDK2 up (config /var/folders/67/_n7jspjn69s9z0l0v2g6ycbh0000gn/T/scanengine_mid360_3_9.json), waiting for 127.0.0.1
[scanengine][info][mid360] device 3: idle -> starting
[scanengine][info][mid360] device 3: started, backend=sdk2 lidar=127.0.0.1 host=127.000.000.001 point:56301 imu:56401 (decimation 1/5, filter: no-return=1 tag-mask=0x0C)
[lidarscan][capture] no sensor data for 6.0 s after Start restarted the sensor — re-armed the Mid-360 in place (attempt 1); the recording stayed open
[scanengine][info][record] opened stream file '/Users/admin/lidarscan/desktop/evidence/round5-cycles-drop/Scan-059 2026-08-18 00-43.lscan/streams/lidar.bin' (stream=lidar-mid360)
[scanengine][warn][timesync] stream lidar-mid360: stream-gap, step 14176 ms, offset 1789206666393416 -> 1789206667214958 ns; re-converging
[scanengine][info][mid360] device 3: starting -> streaming
[scanengine][info][record] opened stream file '/Users/admin/lidarscan/desktop/evidence/round5-cycles-drop/Scan-059 2026-08-18 00-43.lscan/streams/imu.bin' (stream=imu)
[lidarscan][capture] sensor data resumed 1.24 s after Start restarted the sensor (after 1 re-arm(s))
[scanengine][info][lio] initialized: |a|=9.8038 m/s^2, bg=(0.00918 0.01454 0.02659) rad/s
[scanengine][info][mid360] device 3: connected (sn=3GGDJ6K00100001 ip=127.0.0.1)
[scanengine][info][mid360] handle 16777343: configured (sn=3GGDJ6K00100001 ip=127.0.0.1)
[scanengine][info][engine] running -> stopping
[scanengine][info][mid360] device 3: streaming -> stopping
[scanengine][info][mid360] device 3: SDK2 torn down
[scanengine][info][mid360] device 3: stopping -> idle
[scanengine][info][engine] stopping -> idle
[scanengine][info][engine] idle -> starting
[scanengine][info][cloud] live page store reset: 2 page(s) / 164501 points retired (buffers kept)
[scanengine][info][engine] live SLAM on: map -> slam-map (inline)
[scanengine][info][mid360] device 3: SDK2 up (config /var/folders/67/_n7jspjn69s9z0l0v2g6ycbh0000gn/T/scanengine_mid360_3_10.json), waiting for 127.0.0.1
[scanengine][info][mid360] device 3: idle -> starting
[scanengine][info][mid360] device 3: started, backend=sdk2 lidar=127.0.0.1 host=127.000.000.001 point:56301 imu:56401 (decimation 1/5, filter: no-return=1 tag-mask=0x0C)
[scanengine][info][engine] starting -> running
[scanengine][info][mid360] device 3: starting -> streaming
[lidarscan][capture] Sealed Scan-059 2026-08-18 00-43.lscan — 11.6 s recording · 8409 chunks / 10.3 MB written · 139104 points decoded since Start (device counters also include any paused time) · 0 drops (device) / 0 dropped (store)
[scanengine][info][lio] initialized: |a|=9.8064 m/s^2, bg=(0.00757 0.00739 0.02598) rad/s
[lidarscan] record-cycles: cycle 4 -> 8409 chunks, 10631580 bytes, 3.68 s, sealed=true
[lidarscan] record-cycles: cycle 1 OK (18819 chunks)
[lidarscan] record-cycles: cycle 2 OK (6902 chunks)
[lidarscan] record-cycles: cycle 3 OK (15872 chunks)
[lidarscan] record-cycles: cycle 4 OK (8409 chunks)
[lidarscan] record-cycles: 4/4 cycles recorded — PASS
[scanengine][info][mid360] device 3: streaming -> stopping
[scanengine][info][mid360] device 3: SDK2 torn down
[scanengine][info][mid360] device 3: stopping -> idle
[scanengine][info][engine] running -> stopping
[scanengine][info][engine] stopping -> idle
[scanengine][info][cloud] page store full-policy -> reject
[lidarscan][capture] live preview stopped — shutdown
FEngine (64 bits) created at 0xc7f373800 (threading is enabled)
FEngine resolved backend: Metal
Selected physical device 'Apple M4'
Supported GPU families: 
  MTLGPUFamilyCommon3
  MTLGPUFamilyApple7
  MTLGPUFamilyMac2
Features:
  readWriteTextureSupport: true
Backend feature level: 3
FEngine feature level: 1
=== 5c. FIELD BUGS D + E (NOTES §19) ===
===      D: the live map must keep moving after the page store fills   ===
===      E: a CLI evidence run must not move the GUI's capture root    ===
$ /Users/admin/lidarscan/desktop/build/lidarscan --mid360-selftest 127.000.000.001:127.0.0.1 --live-store-pages 2 --live-store-page-points 20000 --live-map-soak 25 --live-map-no-evict --quit-after 70   # CONTROL RUN — must FAIL
[scanengine][info][instance] single-instance lock held: /var/folders/67/_n7jspjn69s9z0l0v2g6ycbh0000gn/T/lidarscan-lidarscan.lock (pid 22474)
[lidarscan] evidence hook active — settings isolated to /var/folders/67/_n7jspjn69s9z0l0v2g6ycbh0000gn/T/lidarscan-evidence-settings-22474 (68 key(s) copied in; the operator's own settings are read-only from here)
[lidarscan] page store ceiling overridden: 2 pages of 20000 points
[scanengine][info][engine] scanengine 0.1.0 (clock: mach_absolute_time) created for 'LidarScan Desktop' (pages: 2 × 20000 pts)
[lidarscan] scanengine 0.1.0 (clock: mach_absolute_time)
[scanengine][info][cloud] page store full-policy -> evict-oldest
[scanengine][info][engine] idle -> starting
[scanengine][info][engine] live SLAM on: map -> slam-map (inline)
[scanengine][info][engine] starting -> running
[scanengine][info][engine] added device 1 (livox-mid360)
[scanengine][info][mid360] device 1: SDK2 up (config /var/folders/67/_n7jspjn69s9z0l0v2g6ycbh0000gn/T/scanengine_mid360_1_0.json), waiting for 127.0.0.1
[scanengine][info][mid360] device 1: idle -> starting
[scanengine][info][mid360] device 1: started, backend=sdk2 lidar=127.0.0.1 host=127.000.000.001 point:56301 imu:56401 (decimation 1/5, filter: no-return=1 tag-mask=0x0C)
[lidarscan][capture] Mid-360 127.0.0.1 -> host 127.000.000.001, device #1 — live preview (not recording)
[lidarscan][capture] display sleep inhibited — macOS: IOKit PreventUserIdleDisplaySleep assertion held
[scanengine][info][mid360] device 1: connected (sn=3GGDJ6K00100001 ip=127.0.0.1)
[scanengine][info][mid360] handle 16777343: configured (sn=3GGDJ6K00100001 ip=127.0.0.1)
[scanengine][info][mid360] device 1: starting -> streaming
[lidarscan][capture] live preview up: first packet after 1.63 s
[lidarscan] mid360-selftest PASSED — first packet after 1.63 s
[scanengine][info][cloud] page store full-policy -> reject
[lidarscan] live-map-soak: CONTROL RUN — page recycling turned OFF after arming; this is the pre-fix behaviour and it must FAIL
[lidarscan] live-map-soak: armed; watching the live map for 25 s across the page-store ceiling
[scanengine][info][lio] initialized: |a|=9.8069 m/s^2, bg=(0.01657 0.01687 0.02615) rad/s
[scanengine][warn][cloud] page store full (2 pages): dropped 1728 points
[scanengine][warn][cloud] page store full (2 pages): dropped 5417 points
[scanengine][warn][cloud] page store full (2 pages): dropped 1062 points
[scanengine][warn][cloud] page store full (2 pages): dropped 1445 points
[scanengine][warn][cloud] page store full (2 pages): dropped 1142 points
[scanengine][warn][cloud] page store full (2 pages): dropped 992 points
[scanengine][warn][cloud] page store full (2 pages): dropped 8199 points
[scanengine][warn][cloud] page store full (2 pages): dropped 312 points
[scanengine][warn][cloud] page store full (2 pages): dropped 8198 points
[scanengine][warn][cloud] page store full (2 pages): dropped 8199 points
[scanengine][warn][cloud] page store full (2 pages): dropped 8198 points
[scanengine][warn][cloud] page store full (2 pages): dropped 1517 points
[scanengine][warn][cloud] page store full (2 pages): dropped 8198 points
[lidarscan][capture] live odometry is drifting: the IMU reads the rig as stationary (|a| dev 0.007 m/s², gyro 0.032 rad/s) while the SLAM pose implies 0.34 m/s (pose quality 2, sigma 0.014 m). The walk hint reports 0; recording is unaffected — every raw byte is still written.
[scanengine][warn][cloud] page store full (2 pages): dropped 8199 points
[scanengine][warn][cloud] page store full (2 pages): dropped 8198 points
[scanengine][warn][cloud] page store full (2 pages): dropped 8198 points
[scanengine][warn][cloud] page store full (2 pages): dropped 7258 points
[scanengine][warn][cloud] page store full (2 pages): dropped 8198 points
[scanengine][warn][cloud] page store full (2 pages): dropped 8199 points
[scanengine][warn][cloud] page store full (2 pages): dropped 8198 points
[scanengine][warn][cloud] page store full (2 pages): dropped 8199 points
[scanengine][warn][cloud] page store full (2 pages): dropped 8198 points
[scanengine][warn][cloud] page store full (2 pages): dropped 691 points
[scanengine][warn][cloud] page store full (2 pages): dropped 8199 points
[scanengine][warn][cloud] page store full (2 pages): dropped 8198 points
[scanengine][warn][cloud] page store full (2 pages): dropped 8198 points
[scanengine][warn][cloud] page store full (2 pages): dropped 8199 points
[scanengine][warn][cloud] page store full (2 pages): dropped 8198 points
[scanengine][warn][cloud] page store full (2 pages): dropped 787 points
[scanengine][warn][cloud] page store full (2 pages): dropped 8199 points
[scanengine][warn][cloud] page store full (2 pages): dropped 8198 points
[scanengine][warn][cloud] page store full (2 pages): dropped 8199 points
[scanengine][warn][cloud] page store full (2 pages): dropped 8198 points
[scanengine][warn][cloud] page store full (2 pages): dropped 8198 points
[scanengine][warn][cloud] page store full (2 pages): dropped 423 points
[scanengine][warn][cloud] page store full (2 pages): dropped 8198 points
[scanengine][warn][cloud] page store full (2 pages): dropped 8199 points
[scanengine][warn][cloud] page store full (2 pages): dropped 8198 points
[scanengine][warn][cloud] page store full (2 pages): dropped 8198 points
[scanengine][warn][cloud] page store full (2 pages): dropped 8199 points
[scanengine][warn][cloud] page store full (2 pages): dropped 653 points
[scanengine][warn][cloud] page store full (2 pages): dropped 8198 points
[scanengine][warn][cloud] page store full (2 pages): dropped 8198 points
[scanengine][warn][cloud] page store full (2 pages): dropped 8199 points
[scanengine][warn][cloud] page store full (2 pages): dropped 8198 points
[scanengine][warn][cloud] page store full (2 pages): dropped 8199 points
[scanengine][warn][cloud] page store full (2 pages): dropped 460 points
[scanengine][warn][cloud] page store full (2 pages): dropped 8199 points
[scanengine][warn][cloud] page store full (2 pages): dropped 8198 points
[scanengine][warn][cloud] page store full (2 pages): dropped 8199 points
[scanengine][warn][cloud] page store full (2 pages): dropped 8198 points
[scanengine][warn][cloud] page store full (2 pages): dropped 8198 points
[scanengine][warn][cloud] page store full (2 pages): dropped 1018 points
[scanengine][warn][cloud] page store full (2 pages): dropped 8198 points
[scanengine][warn][cloud] page store full (2 pages): dropped 8199 points
[scanengine][warn][cloud] page store full (2 pages): dropped 8198 points
[scanengine][warn][cloud] page store full (2 pages): dropped 8199 points
[scanengine][warn][cloud] page store full (2 pages): dropped 8198 points
[scanengine][warn][cloud] page store full (2 pages): dropped 557 points
[scanengine][warn][cloud] page store full (2 pages): dropped 8198 points
[scanengine][warn][cloud] page store full (2 pages): dropped 8199 points
[scanengine][warn][cloud] page store full (2 pages): dropped 8198 points
[scanengine][warn][cloud] page store full (2 pages): dropped 8198 points
[scanengine][warn][cloud] page store full (2 pages): dropped 8199 points
[scanengine][warn][cloud] page store full (2 pages): dropped 672 points
[scanengine][warn][cloud] page store full (2 pages): dropped 8198 points
[scanengine][warn][cloud] page store full (2 pages): dropped 8199 points
[scanengine][warn][cloud] page store full (2 pages): dropped 8198 points
[scanengine][warn][cloud] page store full (2 pages): dropped 8198 points
[scanengine][warn][cloud] page store full (2 pages): dropped 8199 points
[scanengine][warn][cloud] page store full (2 pages): dropped 845 points
[scanengine][warn][cloud] page store full (2 pages): dropped 8198 points
[scanengine][warn][cloud] page store full (2 pages): dropped 8198 points
[scanengine][warn][cloud] page store full (2 pages): dropped 8199 points
[scanengine][warn][cloud] page store full (2 pages): dropped 8198 points
[scanengine][warn][cloud] page store full (2 pages): dropped 8199 points
[scanengine][warn][cloud] page store full (2 pages): dropped 883 points
[scanengine][warn][cloud] page store full (2 pages): dropped 8198 points
[scanengine][warn][cloud] page store full (2 pages): dropped 8199 points
[scanengine][warn][cloud] page store full (2 pages): dropped 8198 points
[scanengine][warn][cloud] page store full (2 pages): dropped 8198 points
[scanengine][warn][cloud] page store full (2 pages): dropped 8199 points
[scanengine][warn][cloud] page store full (2 pages): dropped 960 points
[scanengine][warn][cloud] page store full (2 pages): dropped 8198 points
[scanengine][warn][cloud] page store full (2 pages): dropped 8199 points
[scanengine][warn][cloud] page store full (2 pages): dropped 8198 points
[scanengine][warn][cloud] page store full (2 pages): dropped 8198 points
[scanengine][warn][cloud] page store full (2 pages): dropped 8199 points
[scanengine][warn][cloud] page store full (2 pages): dropped 461 points
[scanengine][warn][cloud] page store full (2 pages): dropped 8198 points
[scanengine][warn][cloud] page store full (2 pages): dropped 8198 points
[scanengine][warn][cloud] page store full (2 pages): dropped 8199 points
[scanengine][warn][cloud] page store full (2 pages): dropped 8198 points
[scanengine][warn][cloud] page store full (2 pages): dropped 8199 points
[scanengine][warn][cloud] page store full (2 pages): dropped 1132 points
[scanengine][warn][cloud] page store full (2 pages): dropped 8199 points
[scanengine][warn][cloud] page store full (2 pages): dropped 8198 points
[scanengine][warn][cloud] page store full (2 pages): dropped 8199 points
[scanengine][warn][cloud] page store full (2 pages): dropped 8198 points
[scanengine][warn][cloud] page store full (2 pages): dropped 8198 points
[scanengine][warn][cloud] page store full (2 pages): dropped 557 points
[scanengine][warn][cloud] page store full (2 pages): dropped 8199 points
[scanengine][warn][cloud] page store full (2 pages): dropped 8198 points
[scanengine][warn][cloud] page store full (2 pages): dropped 8198 points
[scanengine][warn][cloud] page store full (2 pages): dropped 8199 points
[scanengine][warn][cloud] page store full (2 pages): dropped 8198 points
[scanengine][warn][cloud] page store full (2 pages): dropped 442 points
[scanengine][warn][cloud] page store full (2 pages): dropped 8198 points
[scanengine][warn][cloud] page store full (2 pages): dropped 8199 points
[scanengine][warn][cloud] page store full (2 pages): dropped 8198 points
[scanengine][warn][cloud] page store full (2 pages): dropped 8198 points
[scanengine][warn][cloud] page store full (2 pages): dropped 7373 points
[scanengine][warn][cloud] page store full (2 pages): dropped 8199 points
[scanengine][warn][cloud] page store full (2 pages): dropped 8198 points
[scanengine][warn][cloud] page store full (2 pages): dropped 8198 points
[scanengine][warn][cloud] page store full (2 pages): dropped 8199 points
[scanengine][warn][cloud] page store full (2 pages): dropped 8198 points
[scanengine][warn][cloud] page store full (2 pages): dropped 499 points
[scanengine][warn][cloud] page store full (2 pages): dropped 8199 points
[scanengine][warn][cloud] page store full (2 pages): dropped 8198 points
[scanengine][warn][cloud] page store full (2 pages): dropped 8199 points
[scanengine][warn][cloud] page store full (2 pages): dropped 8198 points
[scanengine][error][lio] diverged at t=1789297989148041 ns (|v|=30.07 m/s)
[scanengine][warn][cloud] page store full (2 pages): dropped 8198 points
[scanengine][warn][cloud] page store full (2 pages): dropped 615 points
[scanengine][warn][cloud] page store full (2 pages): dropped 8198 points
[scanengine][warn][cloud] page store full (2 pages): dropped 8199 points
[scanengine][warn][cloud] page store full (2 pages): dropped 8198 points
[scanengine][warn][cloud] page store full (2 pages): dropped 8198 points
[scanengine][warn][cloud] page store full (2 pages): dropped 8199 points
[scanengine][warn][cloud] page store full (2 pages): dropped 941 points
[scanengine][warn][cloud] page store full (2 pages): dropped 8198 points
[scanengine][warn][cloud] page store full (2 pages): dropped 8198 points
[scanengine][warn][cloud] page store full (2 pages): dropped 8199 points
[scanengine][warn][cloud] page store full (2 pages): dropped 8198 points
[scanengine][warn][cloud] page store full (2 pages): dropped 8160 points
[scanengine][warn][cloud] page store full (2 pages): dropped 8199 points
[scanengine][warn][cloud] page store full (2 pages): dropped 8198 points
[scanengine][warn][cloud] page store full (2 pages): dropped 8198 points
[scanengine][warn][cloud] page store full (2 pages): dropped 8199 points
[scanengine][warn][cloud] page store full (2 pages): dropped 8198 points
[scanengine][warn][cloud] page store full (2 pages): dropped 576 points
[scanengine][warn][cloud] page store full (2 pages): dropped 8199 points
[scanengine][warn][cloud] page store full (2 pages): dropped 8198 points
[scanengine][warn][cloud] page store full (2 pages): dropped 8198 points
[scanengine][warn][cloud] page store full (2 pages): dropped 8199 points
[lidarscan] live-map-soak: 25 s — ceiling 2 pages, full=yes, recycling=NO, 49 windows past the fill, 48 stalled, 48 upload stalls, 0 windows with the newest page NOT drawn, 0 over ceiling, 992393 dropped, 0 pages evicted (0 points), 40000 resident — FAIL
[lidarscan] live-map-soak: the live map STOPPED ADVANCING in 48 of 49 windows after the store filled — this is exactly the field bug ('live view not moving even i move the lidar')
[scanengine][info][mid360] device 1: streaming -> stopping
[scanengine][info][mid360] device 1: SDK2 torn down
[scanengine][warn][cloud] page store full (2 pages): dropped 3648 points
[scanengine][info][mid360] device 1: stopping -> idle
[scanengine][info][engine] running -> stopping
[scanengine][info][engine] stopping -> idle
[lidarscan][capture] live preview stopped — shutdown
FEngine (64 bits) created at 0x84f043800 (threading is enabled)
FEngine resolved backend: Metal
Selected physical device 'Apple M4'
Supported GPU families: 
  MTLGPUFamilyCommon3
  MTLGPUFamilyApple7
  MTLGPUFamilyMac2
Features:
  readWriteTextureSupport: true
Backend feature level: 3
FEngine feature level: 1
   -> exit 10: failed as required
$ /Users/admin/lidarscan/desktop/build/lidarscan --mid360-selftest 127.000.000.001:127.0.0.1 --live-store-pages 2 --live-store-page-points 20000 --live-map-soak 25 --quit-after 70
[scanengine][info][instance] single-instance lock held: /var/folders/67/_n7jspjn69s9z0l0v2g6ycbh0000gn/T/lidarscan-lidarscan.lock (pid 22610)
[lidarscan] evidence hook active — settings isolated to /var/folders/67/_n7jspjn69s9z0l0v2g6ycbh0000gn/T/lidarscan-evidence-settings-22610 (68 key(s) copied in; the operator's own settings are read-only from here)
[lidarscan] page store ceiling overridden: 2 pages of 20000 points
[scanengine][info][engine] scanengine 0.1.0 (clock: mach_absolute_time) created for 'LidarScan Desktop' (pages: 2 × 20000 pts)
[lidarscan] scanengine 0.1.0 (clock: mach_absolute_time)
[scanengine][info][cloud] page store full-policy -> evict-oldest
[scanengine][info][engine] idle -> starting
[scanengine][info][engine] live SLAM on: map -> slam-map (inline)
[scanengine][info][engine] starting -> running
[scanengine][info][engine] added device 1 (livox-mid360)
[scanengine][info][mid360] device 1: SDK2 up (config /var/folders/67/_n7jspjn69s9z0l0v2g6ycbh0000gn/T/scanengine_mid360_1_0.json), waiting for 127.0.0.1
[scanengine][info][mid360] device 1: idle -> starting
[scanengine][info][mid360] device 1: started, backend=sdk2 lidar=127.0.0.1 host=127.000.000.001 point:56301 imu:56401 (decimation 1/5, filter: no-return=1 tag-mask=0x0C)
[lidarscan][capture] Mid-360 127.0.0.1 -> host 127.000.000.001, device #1 — live preview (not recording)
[lidarscan][capture] display sleep inhibited — macOS: IOKit PreventUserIdleDisplaySleep assertion held
[scanengine][info][mid360] device 1: connected (sn=3GGDJ6K00100001 ip=127.0.0.1)
[scanengine][info][mid360] handle 16777343: configured (sn=3GGDJ6K00100001 ip=127.0.0.1)
[scanengine][info][mid360] device 1: starting -> streaming
[lidarscan][capture] live preview up: first packet after 1.58 s
[lidarscan] mid360-selftest PASSED — first packet after 1.58 s
[lidarscan] live-map-soak: armed; watching the live map for 25 s across the page-store ceiling
[scanengine][info][lio] initialized: |a|=9.8069 m/s^2, bg=(0.01657 0.01687 0.02615) rad/s
[scanengine][info][cloud] live page store reached its 2-page ceiling (40000 points, 0.6 MB): the OLDEST page is now recycled for each new one, so the live view keeps advancing over the newest data and memory stays bounded. RECORDING IS UNAFFECTED — the .lscan on disk still has every point.
[lidarscan][capture] live map reached its 2-page ceiling: it now shows the most recent 6 324 points and keeps advancing. Recording is unaffected.
[lidarscan] live-map-soak: the window started recycling — 6324 points resident, 20000 evicted so far
[lidarscan][capture] live odometry is drifting: the IMU reads the rig as stationary (|a| dev 0.007 m/s², gyro 0.031 rad/s) while the SLAM pose implies 0.32 m/s (pose quality 3, sigma 0.001 m). The walk hint reports 0; recording is unaffected — every raw byte is still written.
[lidarscan] live-map-soak: 25 s — ceiling 2 pages, full=yes, recycling=yes, 50 windows past the fill, 0 stalled, 0 upload stalls, 0 windows with the newest page NOT drawn, 0 over ceiling, 0 dropped, 76 pages evicted (1041566 points), 12196 resident — PASS
[scanengine][info][mid360] device 1: streaming -> stopping
[scanengine][info][mid360] device 1: SDK2 torn down
[scanengine][info][mid360] device 1: stopping -> idle
[scanengine][info][engine] running -> stopping
[scanengine][info][engine] stopping -> idle
[scanengine][info][cloud] page store full-policy -> reject
[lidarscan][capture] live preview stopped — shutdown
FEngine (64 bits) created at 0x9b18dc000 (threading is enabled)
FEngine resolved backend: Metal
Selected physical device 'Apple M4'
Supported GPU families: 
  MTLGPUFamilyCommon3
  MTLGPUFamilyApple7
  MTLGPUFamilyMac2
Features:
  readWriteTextureSupport: true
Backend feature level: 3
FEngine feature level: 1
$ /Users/admin/lidarscan/desktop/build/lidarscan --mid360-selftest 127.000.000.001:127.0.0.1 --display-params /Users/admin/lidarscan/desktop/evidence/round5-lod-budget.json --live-lod-oldest-first --live-store-pages 8 --live-store-page-points 20000 --live-map-soak 25 --quit-after 70   # CONTROL RUN — must FAIL
[scanengine][info][instance] single-instance lock held: /var/folders/67/_n7jspjn69s9z0l0v2g6ycbh0000gn/T/lidarscan-lidarscan.lock (pid 22762)
[lidarscan] evidence hook active — settings isolated to /var/folders/67/_n7jspjn69s9z0l0v2g6ycbh0000gn/T/lidarscan-evidence-settings-22762 (68 key(s) copied in; the operator's own settings are read-only from here)
[lidarscan] page store ceiling overridden: 8 pages of 20000 points
[scanengine][info][engine] scanengine 0.1.0 (clock: mach_absolute_time) created for 'LidarScan Desktop' (pages: 8 × 20000 pts)
[lidarscan] scanengine 0.1.0 (clock: mach_absolute_time)
[lidarscan] CONTROL RUN — the LOD budget is spent oldest-first even for a live capture (the pre-fix order)
[scanengine][info][cloud] page store full-policy -> evict-oldest
[scanengine][info][engine] idle -> starting
[scanengine][info][engine] live SLAM on: map -> slam-map (inline)
[scanengine][info][engine] starting -> running
[scanengine][info][engine] added device 1 (livox-mid360)
[scanengine][info][mid360] device 1: SDK2 up (config /var/folders/67/_n7jspjn69s9z0l0v2g6ycbh0000gn/T/scanengine_mid360_1_0.json), waiting for 127.0.0.1
[scanengine][info][mid360] device 1: idle -> starting
[scanengine][info][mid360] device 1: started, backend=sdk2 lidar=127.0.0.1 host=127.000.000.001 point:56301 imu:56401 (decimation 1/5, filter: no-return=1 tag-mask=0x0C)
[lidarscan][capture] Mid-360 127.0.0.1 -> host 127.000.000.001, device #1 — live preview (not recording)
[lidarscan][capture] display sleep inhibited — macOS: IOKit PreventUserIdleDisplaySleep assertion held
[scanengine][info][mid360] device 1: connected (sn=3GGDJ6K00100001 ip=127.0.0.1)
[scanengine][info][mid360] handle 16777343: configured (sn=3GGDJ6K00100001 ip=127.0.0.1)
[scanengine][info][mid360] device 1: starting -> streaming
[lidarscan][capture] live preview up: first packet after 1.58 s
[lidarscan] mid360-selftest PASSED — first packet after 1.58 s
[lidarscan] live-map-soak: armed; watching the live map for 25 s across the page-store ceiling
[scanengine][info][lio] initialized: |a|=9.8069 m/s^2, bg=(0.01657 0.01687 0.02615) rad/s
[lidarscan][capture] live odometry is drifting: the IMU reads the rig as stationary (|a| dev 0.007 m/s², gyro 0.032 rad/s) while the SLAM pose implies 0.28 m/s (pose quality 3, sigma 0.001 m). The walk hint reports 0; recording is unaffected — every raw byte is still written.
[scanengine][info][cloud] live page store reached its 8-page ceiling (160000 points, 2.4 MB): the OLDEST page is now recycled for each new one, so the live view keeps advancing over the newest data and memory stays bounded. RECORDING IS UNAFFECTED — the .lscan on disk still has every point.
[lidarscan][capture] live map reached its 8-page ceiling: it now shows the most recent 141 553 points and keeps advancing. Recording is unaffected.
[lidarscan] live-map-soak: the window started recycling — 141553 points resident, 20000 evicted so far
[lidarscan] live-map-soak: 25 s — ceiling 8 pages, full=yes, recycling=yes, 44 windows past the fill, 0 stalled, 0 upload stalls, 44 windows with the newest page NOT drawn, 0 over ceiling, 0 dropped, 51 pages evicted (921800 points), 128867 resident — FAIL
[lidarscan] live-map-soak: the newest page was UPLOADED but not DRAWN in 44 of 44 windows — the LOD budget is being spent on the oldest pages, so the operator sees a frozen map while the store is perfectly healthy
[scanengine][info][mid360] device 1: streaming -> stopping
[scanengine][info][mid360] device 1: SDK2 torn down
[scanengine][info][mid360] device 1: stopping -> idle
[scanengine][info][engine] running -> stopping
[scanengine][info][engine] stopping -> idle
[scanengine][info][cloud] page store full-policy -> reject
[lidarscan][capture] live preview stopped — shutdown
FEngine (64 bits) created at 0xc3adc2800 (threading is enabled)
FEngine resolved backend: Metal
Selected physical device 'Apple M4'
Supported GPU families: 
  MTLGPUFamilyCommon3
  MTLGPUFamilyApple7
  MTLGPUFamilyMac2
Features:
  readWriteTextureSupport: true
Backend feature level: 3
FEngine feature level: 1
   -> exit 10: failed as required
$ /Users/admin/lidarscan/desktop/build/lidarscan --mid360-selftest 127.000.000.001:127.0.0.1 --display-params /Users/admin/lidarscan/desktop/evidence/round5-lod-budget.json --live-store-pages 8 --live-store-page-points 20000 --live-map-soak 25 --quit-after 70
[scanengine][info][instance] single-instance lock held: /var/folders/67/_n7jspjn69s9z0l0v2g6ycbh0000gn/T/lidarscan-lidarscan.lock (pid 22887)
[lidarscan] evidence hook active — settings isolated to /var/folders/67/_n7jspjn69s9z0l0v2g6ycbh0000gn/T/lidarscan-evidence-settings-22887 (68 key(s) copied in; the operator's own settings are read-only from here)
[lidarscan] page store ceiling overridden: 8 pages of 20000 points
[scanengine][info][engine] scanengine 0.1.0 (clock: mach_absolute_time) created for 'LidarScan Desktop' (pages: 8 × 20000 pts)
[lidarscan] scanengine 0.1.0 (clock: mach_absolute_time)
[scanengine][info][cloud] page store full-policy -> evict-oldest
[scanengine][info][engine] idle -> starting
[scanengine][info][engine] live SLAM on: map -> slam-map (inline)
[scanengine][info][engine] starting -> running
[scanengine][info][engine] added device 1 (livox-mid360)
[scanengine][info][mid360] device 1: SDK2 up (config /var/folders/67/_n7jspjn69s9z0l0v2g6ycbh0000gn/T/scanengine_mid360_1_0.json), waiting for 127.0.0.1
[scanengine][info][mid360] device 1: idle -> starting
[scanengine][info][mid360] device 1: started, backend=sdk2 lidar=127.0.0.1 host=127.000.000.001 point:56301 imu:56401 (decimation 1/5, filter: no-return=1 tag-mask=0x0C)
[lidarscan][capture] Mid-360 127.0.0.1 -> host 127.000.000.001, device #1 — live preview (not recording)
[lidarscan][capture] display sleep inhibited — macOS: IOKit PreventUserIdleDisplaySleep assertion held
[scanengine][info][mid360] device 1: connected (sn=3GGDJ6K00100001 ip=127.0.0.1)
[scanengine][info][mid360] handle 16777343: configured (sn=3GGDJ6K00100001 ip=127.0.0.1)
[scanengine][info][mid360] device 1: starting -> streaming
[lidarscan][capture] live preview up: first packet after 1.65 s
[lidarscan] mid360-selftest PASSED — first packet after 1.65 s
[lidarscan] live-map-soak: armed; watching the live map for 25 s across the page-store ceiling
[scanengine][info][lio] initialized: |a|=9.8069 m/s^2, bg=(0.01657 0.01687 0.02615) rad/s
[lidarscan][capture] live odometry is drifting: the IMU reads the rig as stationary (|a| dev 0.007 m/s², gyro 0.032 rad/s) while the SLAM pose implies 0.30 m/s (pose quality 3, sigma 0.001 m). The walk hint reports 0; recording is unaffected — every raw byte is still written.
[scanengine][info][cloud] live page store reached its 8-page ceiling (160000 points, 2.4 MB): the OLDEST page is now recycled for each new one, so the live view keeps advancing over the newest data and memory stays bounded. RECORDING IS UNAFFECTED — the .lscan on disk still has every point.
[lidarscan][capture] live map reached its 8-page ceiling: it now shows the most recent 147 744 points and keeps advancing. Recording is unaffected.
[lidarscan] live-map-soak: the window started recycling — 147744 points resident, 20000 evicted so far
[lidarscan] live-map-soak: 25 s — ceiling 8 pages, full=yes, recycling=yes, 44 windows past the fill, 0 stalled, 0 upload stalls, 0 windows with the newest page NOT drawn, 0 over ceiling, 0 dropped, 50 pages evicted (901854 points), 139160 resident — PASS
[scanengine][info][mid360] device 1: streaming -> stopping
[scanengine][info][mid360] device 1: SDK2 torn down
[scanengine][info][mid360] device 1: stopping -> idle
[scanengine][info][engine] running -> stopping
[scanengine][info][engine] stopping -> idle
[scanengine][info][cloud] page store full-policy -> reject
[lidarscan][capture] live preview stopped — shutdown
FEngine (64 bits) created at 0xc23f63000 (threading is enabled)
FEngine resolved backend: Metal
Selected physical device 'Apple M4'
Supported GPU families: 
  MTLGPUFamilyCommon3
  MTLGPUFamilyApple7
  MTLGPUFamilyMac2
Features:
  readWriteTextureSupport: true
Backend feature level: 3
FEngine feature level: 1
$ /Users/admin/lidarscan/desktop/build/lidarscan --capture-root-report --quit-after 2
[scanengine][info][instance] single-instance lock held: /var/folders/67/_n7jspjn69s9z0l0v2g6ycbh0000gn/T/lidarscan-lidarscan.lock (pid 23007)
[scanengine][info][engine] scanengine 0.1.0 (clock: mach_absolute_time) created for 'LidarScan Desktop' (pages: 64 × 1048576 pts)
[lidarscan] scanengine 0.1.0 (clock: mach_absolute_time)
[lidarscan] capture-root-report: settings   /Users/admin/Library/Preferences/com.lidarscan.LidarScan Desktop.plist
[lidarscan] capture-root-report: stored     <none>
[lidarscan] capture-root-report: after heal <none>
[lidarscan] capture-root-report: resolved   /Users/admin/Documents/LidarScan Projects
[lidarscan] capture-root-report: default    /Users/admin/Documents/LidarScan Projects — MATCHES (the round-5 default)
FEngine (64 bits) created at 0x78d807000 (threading is enabled)
FEngine resolved backend: Metal
Selected physical device 'Apple M4'
Supported GPU families: 
  MTLGPUFamilyCommon3
  MTLGPUFamilyApple7
  MTLGPUFamilyMac2
Features:
  readWriteTextureSupport: true
Backend feature level: 3
FEngine feature level: 1
$ /Users/admin/lidarscan/desktop/build/lidarscan --mid360-selftest 127.000.000.001:127.0.0.1 --record-cycles 3 --record-cycle-seconds 2 --quit-after 60
[scanengine][info][instance] single-instance lock held: /var/folders/67/_n7jspjn69s9z0l0v2g6ycbh0000gn/T/lidarscan-lidarscan.lock (pid 23023)
[lidarscan] evidence hook active — settings isolated to /var/folders/67/_n7jspjn69s9z0l0v2g6ycbh0000gn/T/lidarscan-evidence-settings-23023 (68 key(s) copied in; the operator's own settings are read-only from here)
[scanengine][info][engine] scanengine 0.1.0 (clock: mach_absolute_time) created for 'LidarScan Desktop' (pages: 64 × 1048576 pts)
[lidarscan] scanengine 0.1.0 (clock: mach_absolute_time)
[scanengine][info][cloud] page store full-policy -> evict-oldest
[scanengine][info][engine] idle -> starting
[scanengine][info][engine] live SLAM on: map -> slam-map (inline)
[scanengine][info][engine] starting -> running
[scanengine][info][engine] added device 1 (livox-mid360)
[scanengine][info][mid360] device 1: SDK2 up (config /var/folders/67/_n7jspjn69s9z0l0v2g6ycbh0000gn/T/scanengine_mid360_1_0.json), waiting for 127.0.0.1
[scanengine][info][mid360] device 1: idle -> starting
[scanengine][info][mid360] device 1: started, backend=sdk2 lidar=127.0.0.1 host=127.000.000.001 point:56301 imu:56401 (decimation 1/5, filter: no-return=1 tag-mask=0x0C)
[lidarscan][capture] Mid-360 127.0.0.1 -> host 127.000.000.001, device #1 — live preview (not recording)
[lidarscan][capture] display sleep inhibited — macOS: IOKit PreventUserIdleDisplaySleep assertion held
[scanengine][info][mid360] device 1: connected (sn=3GGDJ6K00100001 ip=127.0.0.1)
[scanengine][info][mid360] handle 16777343: configured (sn=3GGDJ6K00100001 ip=127.0.0.1)
[scanengine][info][mid360] device 1: starting -> streaming
[lidarscan][capture] live preview up: first packet after 1.59 s
[lidarscan] mid360-selftest PASSED — first packet after 1.59 s
[lidarscan] record-cycles: armed; running 3 record cycles on this ONE connect
[scanengine][info][engine] running -> stopping
[scanengine][info][mid360] device 1: streaming -> stopping
[scanengine][info][mid360] device 1: SDK2 torn down
[scanengine][info][mid360] device 1: stopping -> idle
[scanengine][info][engine] stopping -> idle
[scanengine][info][engine] idle -> starting
[scanengine][info][cloud] live page store reset: 1 page(s) / 14516 points retired (buffers kept)
[scanengine][info][engine] live SLAM on: map -> slam-map (inline)
[scanengine][info][record] file writer open at '/var/folders/67/_n7jspjn69s9z0l0v2g6ycbh0000gn/T/lidarscan-record-cycles/Scan-056 2026-08-18 00-47.lscan'
[scanengine][info][mid360] device 1: SDK2 up (config /var/folders/67/_n7jspjn69s9z0l0v2g6ycbh0000gn/T/scanengine_mid360_1_1.json), waiting for 127.0.0.1
[scanengine][info][mid360] device 1: idle -> starting
[scanengine][info][mid360] device 1: started, backend=sdk2 lidar=127.0.0.1 host=127.000.000.001 point:56301 imu:56401 (decimation 1/5, filter: no-return=1 tag-mask=0x0C)
[scanengine][info][engine] starting -> running
[scanengine][info][record] opened stream file '/var/folders/67/_n7jspjn69s9z0l0v2g6ycbh0000gn/T/lidarscan-record-cycles/Scan-056 2026-08-18 00-47.lscan/streams/lidar.bin' (stream=lidar-mid360)
[scanengine][info][mid360] device 1: starting -> streaming
[scanengine][info][record] opened stream file '/var/folders/67/_n7jspjn69s9z0l0v2g6ycbh0000gn/T/lidarscan-record-cycles/Scan-056 2026-08-18 00-47.lscan/streams/imu.bin' (stream=imu)
[lidarscan][capture] recording started -> /var/folders/67/_n7jspjn69s9z0l0v2g6ycbh0000gn/T/lidarscan-record-cycles/Scan-056 2026-08-18 00-47.lscan  (auto-named)
[lidarscan] record-cycles: cycle 1/3 -> /var/folders/67/_n7jspjn69s9z0l0v2g6ycbh0000gn/T/lidarscan-record-cycles/Scan-056 2026-08-18 00-47.lscan (2.0 s)
[scanengine][info][lio] initialized: |a|=9.8065 m/s^2, bg=(0.01379 0.01586 0.02595) rad/s
[scanengine][info][mid360] device 1: connected (sn=3GGDJ6K00100001 ip=127.0.0.1)
[scanengine][info][mid360] handle 16777343: configured (sn=3GGDJ6K00100001 ip=127.0.0.1)
[lidarscan][capture] live odometry is drifting: the IMU reads the rig as stationary (|a| dev 0.008 m/s², gyro 0.029 rad/s) while the SLAM pose implies 0.27 m/s (pose quality 3, sigma 0.001 m). The walk hint reports 0; recording is unaffected — every raw byte is still written.
[scanengine][info][engine] running -> stopping
[scanengine][info][mid360] device 1: streaming -> stopping
[scanengine][info][mid360] device 1: SDK2 torn down
[scanengine][info][mid360] device 1: stopping -> idle
[scanengine][info][engine] stopping -> idle
[scanengine][info][engine] idle -> starting
[scanengine][info][cloud] live page store reset: 2 page(s) / 98296 points retired (buffers kept)
[scanengine][info][engine] live SLAM on: map -> slam-map (inline)
[scanengine][info][mid360] device 1: SDK2 up (config /var/folders/67/_n7jspjn69s9z0l0v2g6ycbh0000gn/T/scanengine_mid360_1_2.json), waiting for 127.0.0.1
[scanengine][info][mid360] device 1: idle -> starting
[scanengine][info][mid360] device 1: started, backend=sdk2 lidar=127.0.0.1 host=127.000.000.001 point:56301 imu:56401 (decimation 1/5, filter: no-return=1 tag-mask=0x0C)
[scanengine][info][engine] starting -> running
[scanengine][info][mid360] device 1: starting -> streaming
[lidarscan][capture] Sealed Scan-056 2026-08-18 00-47.lscan — 2.1 s recording · 4773 chunks / 5.8 MB written · 78029 points decoded since Start (device counters also include any paused time) · 0 drops (device) / 0 dropped (store)
[lidarscan] record-cycles: cycle 1 -> 4773 chunks, 6034980 bytes, 2.09 s, sealed=true
[scanengine][info][lio] initialized: |a|=9.8059 m/s^2, bg=(-0.00905 0.00113 0.02604) rad/s
[scanengine][info][engine] running -> stopping
[scanengine][info][mid360] device 1: streaming -> stopping
[scanengine][info][mid360] device 1: SDK2 torn down
[scanengine][info][mid360] device 1: stopping -> idle
[scanengine][info][engine] stopping -> idle
[scanengine][info][engine] idle -> starting
[scanengine][info][cloud] live page store reset: 2 page(s) / 37440 points retired (buffers kept)
[scanengine][info][engine] live SLAM on: map -> slam-map (inline)
[scanengine][info][record] file writer open at '/var/folders/67/_n7jspjn69s9z0l0v2g6ycbh0000gn/T/lidarscan-record-cycles/Scan-057 2026-08-18 00-47.lscan'
[scanengine][info][mid360] device 1: SDK2 up (config /var/folders/67/_n7jspjn69s9z0l0v2g6ycbh0000gn/T/scanengine_mid360_1_3.json), waiting for 127.0.0.1
[scanengine][info][mid360] device 1: idle -> starting
[scanengine][info][mid360] device 1: started, backend=sdk2 lidar=127.0.0.1 host=127.000.000.001 point:56301 imu:56401 (decimation 1/5, filter: no-return=1 tag-mask=0x0C)
[scanengine][info][engine] starting -> running
[scanengine][info][record] opened stream file '/var/folders/67/_n7jspjn69s9z0l0v2g6ycbh0000gn/T/lidarscan-record-cycles/Scan-057 2026-08-18 00-47.lscan/streams/lidar.bin' (stream=lidar-mid360)
[scanengine][info][mid360] device 1: starting -> streaming
[lidarscan][capture] recording started -> /var/folders/67/_n7jspjn69s9z0l0v2g6ycbh0000gn/T/lidarscan-record-cycles/Scan-057 2026-08-18 00-47.lscan  (auto-named)
[lidarscan] record-cycles: cycle 2/3 -> /var/folders/67/_n7jspjn69s9z0l0v2g6ycbh0000gn/T/lidarscan-record-cycles/Scan-057 2026-08-18 00-47.lscan (2.0 s)
[scanengine][info][record] opened stream file '/var/folders/67/_n7jspjn69s9z0l0v2g6ycbh0000gn/T/lidarscan-record-cycles/Scan-057 2026-08-18 00-47.lscan/streams/imu.bin' (stream=imu)
[scanengine][info][lio] initialized: |a|=9.8054 m/s^2, bg=(-0.01544 -0.00616 0.02616) rad/s
[lidarscan] refresh governor: 60 -> 48 fps (down) — delivered 37.2 fps against a 60 fps cap, frame cpu p95 0.14 ms of a 16.7 ms budget
[lidarscan][capture] live refresh governor downshift -> 48 fps (delivered 37.2 fps against a 60 fps cap, frame cpu p95 0.14 ms of a 16.7 ms budget); recording untouched
[scanengine][info][mid360] device 1: connected (sn=3GGDJ6K00100001 ip=127.0.0.1)
[scanengine][info][mid360] handle 16777343: configured (sn=3GGDJ6K00100001 ip=127.0.0.1)
[scanengine][info][engine] running -> stopping
[scanengine][info][mid360] device 1: streaming -> stopping
[scanengine][info][mid360] device 1: SDK2 torn down
[scanengine][info][mid360] device 1: stopping -> idle
[scanengine][info][engine] stopping -> idle
[scanengine][info][engine] idle -> starting
[scanengine][info][cloud] live page store reset: 2 page(s) / 90088 points retired (buffers kept)
[scanengine][info][engine] live SLAM on: map -> slam-map (inline)
[scanengine][info][mid360] device 1: SDK2 up (config /var/folders/67/_n7jspjn69s9z0l0v2g6ycbh0000gn/T/scanengine_mid360_1_4.json), waiting for 127.0.0.1
[scanengine][info][mid360] device 1: idle -> starting
[scanengine][info][mid360] device 1: started, backend=sdk2 lidar=127.0.0.1 host=127.000.000.001 point:56301 imu:56401 (decimation 1/5, filter: no-return=1 tag-mask=0x0C)
[scanengine][info][engine] starting -> running
[scanengine][info][mid360] device 1: starting -> streaming
[lidarscan][capture] Sealed Scan-057 2026-08-18 00-47.lscan — 1.9 s recording · 4345 chunks / 5.3 MB written · 68084 points decoded since Start (device counters also include any paused time) · 0 drops (device) / 0 dropped (store)
[lidarscan] record-cycles: cycle 2 -> 4345 chunks, 5494500 bytes, 1.90 s, sealed=true
[scanengine][info][lio] initialized: |a|=9.8021 m/s^2, bg=(-0.01562 -0.01590 0.02605) rad/s
[scanengine][info][engine] running -> stopping
[scanengine][info][mid360] device 1: streaming -> stopping
[scanengine][info][mid360] device 1: SDK2 torn down
[scanengine][info][mid360] device 1: stopping -> idle
[scanengine][info][engine] stopping -> idle
[scanengine][info][engine] idle -> starting
[scanengine][info][cloud] live page store reset: 2 page(s) / 36909 points retired (buffers kept)
[scanengine][info][engine] live SLAM on: map -> slam-map (inline)
[scanengine][info][record] file writer open at '/var/folders/67/_n7jspjn69s9z0l0v2g6ycbh0000gn/T/lidarscan-record-cycles/Scan-058 2026-08-18 00-47.lscan'
[scanengine][info][mid360] device 1: SDK2 up (config /var/folders/67/_n7jspjn69s9z0l0v2g6ycbh0000gn/T/scanengine_mid360_1_5.json), waiting for 127.0.0.1
[scanengine][info][mid360] device 1: idle -> starting
[scanengine][info][mid360] device 1: started, backend=sdk2 lidar=127.0.0.1 host=127.000.000.001 point:56301 imu:56401 (decimation 1/5, filter: no-return=1 tag-mask=0x0C)
[scanengine][info][engine] starting -> running
[scanengine][info][record] opened stream file '/var/folders/67/_n7jspjn69s9z0l0v2g6ycbh0000gn/T/lidarscan-record-cycles/Scan-058 2026-08-18 00-47.lscan/streams/lidar.bin' (stream=lidar-mid360)
[scanengine][info][mid360] device 1: starting -> streaming
[lidarscan][capture] recording started -> /var/folders/67/_n7jspjn69s9z0l0v2g6ycbh0000gn/T/lidarscan-record-cycles/Scan-058 2026-08-18 00-47.lscan  (auto-named)
[lidarscan] record-cycles: cycle 3/3 -> /var/folders/67/_n7jspjn69s9z0l0v2g6ycbh0000gn/T/lidarscan-record-cycles/Scan-058 2026-08-18 00-47.lscan (2.0 s)
[scanengine][info][record] opened stream file '/var/folders/67/_n7jspjn69s9z0l0v2g6ycbh0000gn/T/lidarscan-record-cycles/Scan-058 2026-08-18 00-47.lscan/streams/imu.bin' (stream=imu)
[lidarscan] refresh governor: 48 -> 30 fps (down) — delivered 22.3 fps against a 48 fps cap, frame cpu p95 0.13 ms of a 20.8 ms budget
[lidarscan][capture] live refresh governor downshift -> 30 fps (delivered 22.3 fps against a 48 fps cap, frame cpu p95 0.13 ms of a 20.8 ms budget); recording untouched
[scanengine][info][lio] initialized: |a|=9.8058 m/s^2, bg=(-0.00930 -0.01767 0.02560) rad/s
[scanengine][info][mid360] device 1: connected (sn=3GGDJ6K00100001 ip=127.0.0.1)
[scanengine][info][mid360] handle 16777343: configured (sn=3GGDJ6K00100001 ip=127.0.0.1)
[scanengine][info][engine] running -> stopping
[scanengine][info][mid360] device 1: streaming -> stopping
[scanengine][info][mid360] device 1: SDK2 torn down
[scanengine][info][mid360] device 1: stopping -> idle
[scanengine][info][engine] stopping -> idle
[scanengine][info][engine] idle -> starting
[scanengine][info][cloud] live page store reset: 2 page(s) / 98467 points retired (buffers kept)
[scanengine][info][engine] live SLAM on: map -> slam-map (inline)
[scanengine][info][mid360] device 1: SDK2 up (config /var/folders/67/_n7jspjn69s9z0l0v2g6ycbh0000gn/T/scanengine_mid360_1_6.json), waiting for 127.0.0.1
[scanengine][info][mid360] device 1: idle -> starting
[scanengine][info][mid360] device 1: started, backend=sdk2 lidar=127.0.0.1 host=127.000.000.001 point:56301 imu:56401 (decimation 1/5, filter: no-return=1 tag-mask=0x0C)
[scanengine][info][engine] starting -> running
[scanengine][info][mid360] device 1: starting -> streaming
[lidarscan][capture] Sealed Scan-058 2026-08-18 00-47.lscan — 2.1 s recording · 4801 chunks / 5.9 MB written · 77511 points decoded since Start (device counters also include any paused time) · 0 drops (device) / 0 dropped (store)
[lidarscan] record-cycles: cycle 3 -> 4801 chunks, 6070980 bytes, 2.10 s, sealed=true
[lidarscan] record-cycles: cycle 1 OK (4773 chunks)
[lidarscan] record-cycles: cycle 2 OK (4345 chunks)
[lidarscan] record-cycles: cycle 3 OK (4801 chunks)
[lidarscan] record-cycles: 3/3 cycles recorded — PASS
[scanengine][info][mid360] device 1: streaming -> stopping
[scanengine][info][mid360] device 1: SDK2 torn down
[scanengine][info][mid360] device 1: stopping -> idle
[scanengine][info][engine] running -> stopping
[scanengine][info][engine] stopping -> idle
[scanengine][info][cloud] page store full-policy -> reject
[lidarscan][capture] live preview stopped — shutdown
FEngine (64 bits) created at 0x9098c0000 (threading is enabled)
FEngine resolved backend: Metal
Selected physical device 'Apple M4'
Supported GPU families: 
  MTLGPUFamilyCommon3
  MTLGPUFamilyApple7
  MTLGPUFamilyMac2
Features:
  readWriteTextureSupport: true
Backend feature level: 3
FEngine feature level: 1
$ /Users/admin/lidarscan/desktop/build/lidarscan --capture-root-report --quit-after 2
[scanengine][info][instance] single-instance lock held: /var/folders/67/_n7jspjn69s9z0l0v2g6ycbh0000gn/T/lidarscan-lidarscan.lock (pid 23135)
[scanengine][info][engine] scanengine 0.1.0 (clock: mach_absolute_time) created for 'LidarScan Desktop' (pages: 64 × 1048576 pts)
[lidarscan] scanengine 0.1.0 (clock: mach_absolute_time)
[lidarscan] capture-root-report: settings   /Users/admin/Library/Preferences/com.lidarscan.LidarScan Desktop.plist
[lidarscan] capture-root-report: stored     <none>
[lidarscan] capture-root-report: after heal <none>
[lidarscan] capture-root-report: resolved   /Users/admin/Documents/LidarScan Projects
[lidarscan] capture-root-report: default    /Users/admin/Documents/LidarScan Projects — MATCHES (the round-5 default)
FEngine (64 bits) created at 0xb42793000 (threading is enabled)
FEngine resolved backend: Metal
Selected physical device 'Apple M4'
Supported GPU families: 
  MTLGPUFamilyCommon3
  MTLGPUFamilyApple7
  MTLGPUFamilyMac2
Features:
  readWriteTextureSupport: true
Backend feature level: 3
FEngine feature level: 1
=== 6. item 4 (5.1): Process / Export / Merge folded into the Projects tab ===
$ /Users/admin/lidarscan/desktop/build/lidarscan --projects-actions-demo /Users/admin/lidarscan/desktop/evidence/18-projects-actions --quit-after 18
[scanengine][info][instance] single-instance lock held: /var/folders/67/_n7jspjn69s9z0l0v2g6ycbh0000gn/T/lidarscan-lidarscan.lock (pid 23148)
[lidarscan] evidence hook active — settings isolated to /var/folders/67/_n7jspjn69s9z0l0v2g6ycbh0000gn/T/lidarscan-evidence-settings-23148 (68 key(s) copied in; the operator's own settings are read-only from here)
[scanengine][info][engine] scanengine 0.1.0 (clock: mach_absolute_time) created for 'LidarScan Desktop' (pages: 64 × 1048576 pts)
[lidarscan] scanengine 0.1.0 (clock: mach_absolute_time)
[lidarscan] projects-actions-demo: selected 1 — 1 selected · Process enabled · Export enabled · Merge disabled ("Merge selected…") · panel: none
FEngine (64 bits) created at 0xa35f3b000 (threading is enabled)
FEngine resolved backend: Metal
Selected physical device 'Apple M4'
Supported GPU families: 
  MTLGPUFamilyCommon3
  MTLGPUFamilyApple7
  MTLGPUFamilyMac2
Features:
  readWriteTextureSupport: true
Backend feature level: 3
FEngine feature level: 1
=== 6b. app version comes from the repo-root VERSION file (NOTES §18) ===
repo VERSION file: 0.3.0
$ /Users/admin/lidarscan/desktop/build/lidarscan --version
[scanengine][info][instance] single-instance lock held: /var/folders/67/_n7jspjn69s9z0l0v2g6ycbh0000gn/T/lidarscan-lidarscan.lock (pid 23194)
LidarScan Desktop 0.3.0 (build 300)
=== 7. no regressions in the other workstreams' hooks ===
$ /Users/admin/lidarscan/desktop/build/lidarscan --workspace projects --quit-after 2
[scanengine][info][instance] single-instance lock held: /var/folders/67/_n7jspjn69s9z0l0v2g6ycbh0000gn/T/lidarscan-lidarscan.lock (pid 23200)
[scanengine][info][engine] scanengine 0.1.0 (clock: mach_absolute_time) created for 'LidarScan Desktop' (pages: 64 × 1048576 pts)
[lidarscan] scanengine 0.1.0 (clock: mach_absolute_time)
FEngine (64 bits) created at 0x949063800 (threading is enabled)
FEngine resolved backend: Metal
Selected physical device 'Apple M4'
Supported GPU families: 
  MTLGPUFamilyCommon3
  MTLGPUFamilyApple7
  MTLGPUFamilyMac2
Features:
  readWriteTextureSupport: true
Backend feature level: 3
FEngine feature level: 1
$ /Users/admin/lidarscan/desktop/build/lidarscan --workspace capture --quit-after 2
[scanengine][info][instance] single-instance lock held: /var/folders/67/_n7jspjn69s9z0l0v2g6ycbh0000gn/T/lidarscan-lidarscan.lock (pid 23215)
[scanengine][info][engine] scanengine 0.1.0 (clock: mach_absolute_time) created for 'LidarScan Desktop' (pages: 64 × 1048576 pts)
[lidarscan] scanengine 0.1.0 (clock: mach_absolute_time)
[scanengine][info][discovery] discovery finished: 0 lidar(s), 0 datagram(s), 0 rejected
[scanengine][info][discovery] discovery finished: 0 lidar(s), 0 datagram(s), 0 rejected
FEngine (64 bits) created at 0xa15958000 (threading is enabled)
FEngine resolved backend: Metal
Selected physical device 'Apple M4'
Supported GPU families: 
  MTLGPUFamilyCommon3
  MTLGPUFamilyApple7
  MTLGPUFamilyMac2
Features:
  readWriteTextureSupport: true
Backend feature level: 3
FEngine feature level: 1
$ /Users/admin/lidarscan/desktop/build/lidarscan --workspace review --quit-after 2
[scanengine][info][instance] single-instance lock held: /var/folders/67/_n7jspjn69s9z0l0v2g6ycbh0000gn/T/lidarscan-lidarscan.lock (pid 23225)
[scanengine][info][engine] scanengine 0.1.0 (clock: mach_absolute_time) created for 'LidarScan Desktop' (pages: 64 × 1048576 pts)
[lidarscan] scanengine 0.1.0 (clock: mach_absolute_time)
FEngine (64 bits) created at 0xbe3c80000 (threading is enabled)
FEngine resolved backend: Metal
Selected physical device 'Apple M4'
Supported GPU families: 
  MTLGPUFamilyCommon3
  MTLGPUFamilyApple7
  MTLGPUFamilyMac2
Features:
  readWriteTextureSupport: true
Backend feature level: 3
FEngine feature level: 1
$ /Users/admin/lidarscan/desktop/build/lidarscan --workspace plan --quit-after 2
[scanengine][info][instance] single-instance lock held: /var/folders/67/_n7jspjn69s9z0l0v2g6ycbh0000gn/T/lidarscan-lidarscan.lock (pid 23234)
[scanengine][info][engine] scanengine 0.1.0 (clock: mach_absolute_time) created for 'LidarScan Desktop' (pages: 64 × 1048576 pts)
[lidarscan] scanengine 0.1.0 (clock: mach_absolute_time)
FEngine (64 bits) created at 0xcb3864000 (threading is enabled)
FEngine resolved backend: Metal
Selected physical device 'Apple M4'
Supported GPU families: 
  MTLGPUFamilyCommon3
  MTLGPUFamilyApple7
  MTLGPUFamilyMac2
Features:
  readWriteTextureSupport: true
Backend feature level: 3
FEngine feature level: 1
$ /Users/admin/lidarscan/desktop/build/lidarscan --workspace merge --quit-after 2
[scanengine][info][instance] single-instance lock held: /var/folders/67/_n7jspjn69s9z0l0v2g6ycbh0000gn/T/lidarscan-lidarscan.lock (pid 23243)
[scanengine][info][engine] scanengine 0.1.0 (clock: mach_absolute_time) created for 'LidarScan Desktop' (pages: 64 × 1048576 pts)
[lidarscan] scanengine 0.1.0 (clock: mach_absolute_time)
FEngine (64 bits) created at 0xb6adaa800 (threading is enabled)
FEngine resolved backend: Metal
Selected physical device 'Apple M4'
Supported GPU families: 
  MTLGPUFamilyCommon3
  MTLGPUFamilyApple7
  MTLGPUFamilyMac2
Features:
  readWriteTextureSupport: true
Backend feature level: 3
FEngine feature level: 1
$ /Users/admin/lidarscan/desktop/build/lidarscan --workspace jobs --quit-after 2
[scanengine][info][instance] single-instance lock held: /var/folders/67/_n7jspjn69s9z0l0v2g6ycbh0000gn/T/lidarscan-lidarscan.lock (pid 23252)
[scanengine][info][engine] scanengine 0.1.0 (clock: mach_absolute_time) created for 'LidarScan Desktop' (pages: 64 × 1048576 pts)
[lidarscan] scanengine 0.1.0 (clock: mach_absolute_time)
FEngine (64 bits) created at 0x91f043800 (threading is enabled)
FEngine resolved backend: Metal
Selected physical device 'Apple M4'
Supported GPU families: 
  MTLGPUFamilyCommon3
  MTLGPUFamilyApple7
  MTLGPUFamilyMac2
Features:
  readWriteTextureSupport: true
Backend feature level: 3
FEngine feature level: 1
$ /Users/admin/lidarscan/desktop/build/lidarscan --post-e2e /Users/admin/lidarscan/desktop/evidence/c4-synth-mid360.lscan --quit-after 25
[scanengine][info][instance] single-instance lock held: /var/folders/67/_n7jspjn69s9z0l0v2g6ycbh0000gn/T/lidarscan-lidarscan.lock (pid 23261)
[lidarscan] evidence hook active — settings isolated to /var/folders/67/_n7jspjn69s9z0l0v2g6ycbh0000gn/T/lidarscan-evidence-settings-23261 (68 key(s) copied in; the operator's own settings are read-only from here)
[scanengine][info][engine] scanengine 0.1.0 (clock: mach_absolute_time) created for 'LidarScan Desktop' (pages: 64 × 1048576 pts)
[lidarscan] scanengine 0.1.0 (clock: mach_absolute_time)
[lidarscan] post-e2e: job #1 submitted for /Users/admin/lidarscan/desktop/evidence/c4-synth-mid360.lscan
[scanengine][info][lio] initialized: |a|=9.8589 m/s^2, bg=(0.00356 0.00388 0.00421) rad/s
QObject::disconnect: wildcard call disconnects from destroyed signal of QPushButton::cancel
QObject::disconnect: wildcard call disconnects from destroyed signal of QPushButton::load
[lidarscan] post-e2e: job #1 running — 0% (opening recording) 
[lidarscan] post-e2e: job #1 running — 75% (pose-graph optimization) 
[lidarscan] post-e2e: job #1 done — 100% (done) 
[lidarscan] post-e2e: DONE — 83228 points in the result cloud
[lidarscan] post-e2e: result loaded into the viewport
FEngine (64 bits) created at 0xb74daa000 (threading is enabled)
FEngine resolved backend: Metal
Selected physical device 'Apple M4'
Supported GPU families: 
  MTLGPUFamilyCommon3
  MTLGPUFamilyApple7
  MTLGPUFamilyMac2
Features:
  readWriteTextureSupport: true
Backend feature level: 3
FEngine feature level: 1
verification complete — see /Users/admin/lidarscan/desktop/evidence
